
-- ----------------------------
-- 请仅在下面的数据库链接中执行该脚本。
-- 主数据源 [localhost:3306/zzdemo-single]
-- ----------------------------

SET NAMES utf8mb4;
SET FOREIGN_KEY_CHECKS = 0;

-- ----------------------------
-- 管理员账号数据
-- ----------------------------
BEGIN;
INSERT INTO `zz_sys_dept` VALUES(1309065501174927363,NULL,'公司总部',1,1309065501170733056,CURDATE(),1309065501170733056,CURDATE(),1);
INSERT INTO `zz_sys_user` VALUES(1309065501170733056,'admin','$2a$10$XnwBKjb3jIBoUAUo2nFf/eSegue8KoVhU87.Z2ufCYluIJNlaMiWi','管理员',1309065501174927363,0,NULL,0,1309065501170733056,CURDATE(),1309065501170733056,CURDATE(),1);
INSERT INTO `zz_sys_dept_relation` VALUES(1309065501174927363,1309065501174927363);
COMMIT;

-- ----------------------------
-- 全部菜单数据
-- ----------------------------
BEGIN;
INSERT INTO `zz_sys_menu` VALUES(1309065501179121664,NULL,'系统管理',0,NULL,NULL,NULL,1,NULL,1309065501170733056,CURDATE(),1309065501170733056,CURDATE(),1);
INSERT INTO `zz_sys_menu` VALUES(1309065501183315968,1309065501179121664,'用户管理',1,'formSysUser',NULL,NULL,100,NULL,1309065501170733056,CURDATE(),1309065501170733056,CURDATE(),1);
INSERT INTO `zz_sys_menu` VALUES(1471382958056149061,1309065501183315968,'显示',3,NULL,NULL,NULL,1,NULL,1309065501170733056,CURDATE(),1309065501170733056,CURDATE(),1);
INSERT INTO `zz_sys_menu` VALUES(1471382958056149062,1309065501183315968,'新增',3,NULL,NULL,NULL,2,NULL,1309065501170733056,CURDATE(),1309065501170733056,CURDATE(),1);
INSERT INTO `zz_sys_menu` VALUES(1471382958056149063,1309065501183315968,'编辑',3,NULL,NULL,NULL,3,NULL,1309065501170733056,CURDATE(),1309065501170733056,CURDATE(),1);
INSERT INTO `zz_sys_menu` VALUES(1471382958056149064,1309065501183315968,'删除',3,NULL,NULL,NULL,4,NULL,1309065501170733056,CURDATE(),1309065501170733056,CURDATE(),1);
INSERT INTO `zz_sys_menu` VALUES(1471382958056149065,1309065501183315968,'重置密码',3,NULL,NULL,NULL,5,NULL,1309065501170733056,CURDATE(),1309065501170733056,CURDATE(),1);
INSERT INTO `zz_sys_menu` VALUES(1471382958056149066,1309065501183315968,'权限详情',3,NULL,NULL,NULL,6,NULL,1309065501170733056,CURDATE(),1309065501170733056,CURDATE(),1);
INSERT INTO `zz_sys_menu` VALUES(1309065501183315969,1309065501179121664,'角色管理',1,'formSysRole',NULL,NULL,110,NULL,1309065501170733056,CURDATE(),1309065501170733056,CURDATE(),1);
INSERT INTO `zz_sys_menu` VALUES(1471382958056149075,1309065501183315969,'角色管理',2,NULL,NULL,NULL,1,NULL,1309065501170733056,CURDATE(),1309065501170733056,CURDATE(),1);
INSERT INTO `zz_sys_menu` VALUES(1471382958056149076,1309065501183315969,'用户授权',2,NULL,NULL,NULL,2,NULL,1309065501170733056,CURDATE(),1309065501170733056,CURDATE(),1);
INSERT INTO `zz_sys_menu` VALUES(1471382958056149077,1471382958056149075,'显示',3,NULL,NULL,NULL,1,NULL,1309065501170733056,CURDATE(),1309065501170733056,CURDATE(),1);
INSERT INTO `zz_sys_menu` VALUES(1471382958056149078,1471382958056149075,'新增',3,NULL,NULL,NULL,2,NULL,1309065501170733056,CURDATE(),1309065501170733056,CURDATE(),1);
INSERT INTO `zz_sys_menu` VALUES(1471382958056149079,1471382958056149075,'编辑',3,NULL,NULL,NULL,3,NULL,1309065501170733056,CURDATE(),1309065501170733056,CURDATE(),1);
INSERT INTO `zz_sys_menu` VALUES(1471382958056149080,1471382958056149075,'删除',3,NULL,NULL,NULL,4,NULL,1309065501170733056,CURDATE(),1309065501170733056,CURDATE(),1);
INSERT INTO `zz_sys_menu` VALUES(1471382958056149081,1471382958056149075,'权限详情',3,NULL,NULL,NULL,5,NULL,1309065501170733056,CURDATE(),1309065501170733056,CURDATE(),1);
INSERT INTO `zz_sys_menu` VALUES(1471382958056149082,1471382958056149076,'显示',3,NULL,NULL,NULL,1,NULL,1309065501170733056,CURDATE(),1309065501170733056,CURDATE(),1);
INSERT INTO `zz_sys_menu` VALUES(1471382958060343296,1471382958056149076,'授权用户',3,NULL,NULL,NULL,2,NULL,1309065501170733056,CURDATE(),1309065501170733056,CURDATE(),1);
INSERT INTO `zz_sys_menu` VALUES(1471382958060343297,1471382958056149076,'移除用户',3,NULL,NULL,NULL,3,NULL,1309065501170733056,CURDATE(),1309065501170733056,CURDATE(),1);
INSERT INTO `zz_sys_menu` VALUES(1309065501183315970,1309065501179121664,'菜单管理',1,'formSysMenu',NULL,NULL,120,NULL,1309065501170733056,CURDATE(),1309065501170733056,CURDATE(),1);
INSERT INTO `zz_sys_menu` VALUES(1471382958060343308,1309065501183315970,'显示',3,NULL,NULL,NULL,1,NULL,1309065501170733056,CURDATE(),1309065501170733056,CURDATE(),1);
INSERT INTO `zz_sys_menu` VALUES(1471382958060343309,1309065501183315970,'新增',3,NULL,NULL,NULL,2,NULL,1309065501170733056,CURDATE(),1309065501170733056,CURDATE(),1);
INSERT INTO `zz_sys_menu` VALUES(1471382958060343310,1309065501183315970,'编辑',3,NULL,NULL,NULL,3,NULL,1309065501170733056,CURDATE(),1309065501170733056,CURDATE(),1);
INSERT INTO `zz_sys_menu` VALUES(1471382958060343311,1309065501183315970,'删除',3,NULL,NULL,NULL,4,NULL,1309065501170733056,CURDATE(),1309065501170733056,CURDATE(),1);
INSERT INTO `zz_sys_menu` VALUES(1471382958060343312,1309065501183315970,'权限详情',3,NULL,NULL,NULL,5,NULL,1309065501170733056,CURDATE(),1309065501170733056,CURDATE(),1);
INSERT INTO `zz_sys_menu` VALUES(1309065501183315971,1309065501179121664,'权限字管理',1,'formSysPermCode',NULL,NULL,125,NULL,1309065501170733056,CURDATE(),1309065501170733056,CURDATE(),1);
INSERT INTO `zz_sys_menu` VALUES(1471382958060343320,1309065501183315971,'显示',3,NULL,NULL,NULL,1,NULL,1309065501170733056,CURDATE(),1309065501170733056,CURDATE(),1);
INSERT INTO `zz_sys_menu` VALUES(1471382958060343321,1309065501183315971,'新增',3,NULL,NULL,NULL,2,NULL,1309065501170733056,CURDATE(),1309065501170733056,CURDATE(),1);
INSERT INTO `zz_sys_menu` VALUES(1471382958060343322,1309065501183315971,'编辑',3,NULL,NULL,NULL,3,NULL,1309065501170733056,CURDATE(),1309065501170733056,CURDATE(),1);
INSERT INTO `zz_sys_menu` VALUES(1471382958060343323,1309065501183315971,'删除',3,NULL,NULL,NULL,4,NULL,1309065501170733056,CURDATE(),1309065501170733056,CURDATE(),1);
INSERT INTO `zz_sys_menu` VALUES(1471382958060343324,1309065501183315971,'权限详情',3,NULL,NULL,NULL,5,NULL,1309065501170733056,CURDATE(),1309065501170733056,CURDATE(),1);
INSERT INTO `zz_sys_menu` VALUES(1309065501183315972,1309065501179121664,'权限管理',1,'formSysPerm',NULL,NULL,130,NULL,1309065501170733056,CURDATE(),1309065501170733056,CURDATE(),1);
INSERT INTO `zz_sys_menu` VALUES(1471382958060343332,1309065501183315972,'显示',3,NULL,NULL,NULL,1,NULL,1309065501170733056,CURDATE(),1309065501170733056,CURDATE(),1);
INSERT INTO `zz_sys_menu` VALUES(1471382958060343333,1309065501183315972,'新增模块',3,NULL,NULL,NULL,2,NULL,1309065501170733056,CURDATE(),1309065501170733056,CURDATE(),1);
INSERT INTO `zz_sys_menu` VALUES(1471382958060343334,1309065501183315972,'编辑模块',3,NULL,NULL,NULL,3,NULL,1309065501170733056,CURDATE(),1309065501170733056,CURDATE(),1);
INSERT INTO `zz_sys_menu` VALUES(1471382958060343335,1309065501183315972,'删除模块',3,NULL,NULL,NULL,4,NULL,1309065501170733056,CURDATE(),1309065501170733056,CURDATE(),1);
INSERT INTO `zz_sys_menu` VALUES(1471382958060343336,1309065501183315972,'新增权限',3,NULL,NULL,NULL,5,NULL,1309065501170733056,CURDATE(),1309065501170733056,CURDATE(),1);
INSERT INTO `zz_sys_menu` VALUES(1471382958060343337,1309065501183315972,'编辑权限',3,NULL,NULL,NULL,6,NULL,1309065501170733056,CURDATE(),1309065501170733056,CURDATE(),1);
INSERT INTO `zz_sys_menu` VALUES(1471382958060343338,1309065501183315972,'删除权限',3,NULL,NULL,NULL,7,NULL,1309065501170733056,CURDATE(),1309065501170733056,CURDATE(),1);
INSERT INTO `zz_sys_menu` VALUES(1471382958060343339,1309065501183315972,'权限详情',3,NULL,NULL,NULL,8,NULL,1309065501170733056,CURDATE(),1309065501170733056,CURDATE(),1);
INSERT INTO `zz_sys_menu` VALUES(1309065501183315973,1309065501179121664,'字典管理',1,'formSysDict',NULL,NULL,135,NULL,1309065501170733056,CURDATE(),1309065501170733056,CURDATE(),1);
INSERT INTO `zz_sys_menu` VALUES(1471382958060343350,1309065501183315973,'显示',3,NULL,NULL,NULL,1,NULL,1309065501170733056,CURDATE(),1309065501170733056,CURDATE(),1);
INSERT INTO `zz_sys_menu` VALUES(1471382958060343351,1309065501183315973,'新增',3,NULL,NULL,NULL,2,NULL,1309065501170733056,CURDATE(),1309065501170733056,CURDATE(),1);
INSERT INTO `zz_sys_menu` VALUES(1471382958060343352,1309065501183315973,'编辑',3,NULL,NULL,NULL,3,NULL,1309065501170733056,CURDATE(),1309065501170733056,CURDATE(),1);
INSERT INTO `zz_sys_menu` VALUES(1471382958060343353,1309065501183315973,'删除',3,NULL,NULL,NULL,4,NULL,1309065501170733056,CURDATE(),1309065501170733056,CURDATE(),1);
INSERT INTO `zz_sys_menu` VALUES(1471382958060343354,1309065501183315973,'同步缓存',3,NULL,NULL,NULL,5,NULL,1309065501170733056,CURDATE(),1309065501170733056,CURDATE(),1);
INSERT INTO `zz_sys_menu` VALUES(1309149272268083200,NULL,'业务管理',0,NULL,NULL,NULL,10,NULL,1309065501170733056,CURDATE(),1309065501170733056,CURDATE(),1);
INSERT INTO `zz_sys_menu` VALUES(1309149323312762880,NULL,'统计管理',0,NULL,NULL,NULL,20,NULL,1309065501170733056,CURDATE(),1309065501170733056,CURDATE(),1);
INSERT INTO `zz_sys_menu` VALUES(1309149467043172352,1309149272268083200,'学生管理',1,'formStudent',NULL,NULL,5,NULL,1309065501170733056,CURDATE(),1309065501170733056,CURDATE(),1);
INSERT INTO `zz_sys_menu` VALUES(1471382958060343364,1309149467043172352,'显示',3,NULL,NULL,NULL,1,NULL,1309065501170733056,CURDATE(),1309065501170733056,CURDATE(),1);
INSERT INTO `zz_sys_menu` VALUES(1471382958060343365,1309149467043172352,'新建',3,NULL,NULL,NULL,2,NULL,1309065501170733056,CURDATE(),1309065501170733056,CURDATE(),1);
INSERT INTO `zz_sys_menu` VALUES(1471382958060343366,1309149467043172352,'编辑',3,NULL,NULL,NULL,3,NULL,1309065501170733056,CURDATE(),1309065501170733056,CURDATE(),1);
INSERT INTO `zz_sys_menu` VALUES(1471382958060343367,1309149467043172352,'删除',3,NULL,NULL,NULL,4,NULL,1309065501170733056,CURDATE(),1309065501170733056,CURDATE(),1);
INSERT INTO `zz_sys_menu` VALUES(1309149536341463040,1309149272268083200,'课程管理',1,'formCourse',NULL,NULL,10,NULL,1309065501170733056,CURDATE(),1309065501170733056,CURDATE(),1);
INSERT INTO `zz_sys_menu` VALUES(1471382958060343369,1309149536341463040,'显示',3,NULL,NULL,NULL,1,NULL,1309065501170733056,CURDATE(),1309065501170733056,CURDATE(),1);
INSERT INTO `zz_sys_menu` VALUES(1471382958060343370,1309149536341463040,'新建',3,NULL,NULL,NULL,2,NULL,1309065501170733056,CURDATE(),1309065501170733056,CURDATE(),1);
INSERT INTO `zz_sys_menu` VALUES(1471382958060343371,1309149536341463040,'编辑',3,NULL,NULL,NULL,3,NULL,1309065501170733056,CURDATE(),1309065501170733056,CURDATE(),1);
INSERT INTO `zz_sys_menu` VALUES(1471382958060343372,1309149536341463040,'删除',3,NULL,NULL,NULL,4,NULL,1309065501170733056,CURDATE(),1309065501170733056,CURDATE(),1);
INSERT INTO `zz_sys_menu` VALUES(1309149599981637632,1309149272268083200,'班级管理',1,'formClass',NULL,NULL,15,NULL,1309065501170733056,CURDATE(),1309065501170733056,CURDATE(),1);
INSERT INTO `zz_sys_menu` VALUES(1471382958060343374,1309149599981637632,'显示',3,NULL,NULL,NULL,1,NULL,1309065501170733056,CURDATE(),1309065501170733056,CURDATE(),1);
INSERT INTO `zz_sys_menu` VALUES(1471382958060343375,1309149599981637632,'设置班级课程',3,NULL,NULL,NULL,2,NULL,1309065501170733056,CURDATE(),1309065501170733056,CURDATE(),1);
INSERT INTO `zz_sys_menu` VALUES(1471382958060343376,1309149599981637632,'编辑',3,NULL,NULL,NULL,3,NULL,1309065501170733056,CURDATE(),1309065501170733056,CURDATE(),1);
INSERT INTO `zz_sys_menu` VALUES(1471382958060343377,1309149599981637632,'删除',3,NULL,NULL,NULL,4,NULL,1309065501170733056,CURDATE(),1309065501170733056,CURDATE(),1);
INSERT INTO `zz_sys_menu` VALUES(1471382958060343378,1309149599981637632,'移除',3,NULL,NULL,NULL,5,NULL,1309065501170733056,CURDATE(),1309065501170733056,CURDATE(),1);
INSERT INTO `zz_sys_menu` VALUES(1471382958060343379,1309149599981637632,'移除',3,NULL,NULL,NULL,6,NULL,1309065501170733056,CURDATE(),1309065501170733056,CURDATE(),1);
INSERT INTO `zz_sys_menu` VALUES(1471382958060343380,1309149599981637632,'设置班级学生',3,NULL,NULL,NULL,7,NULL,1309065501170733056,CURDATE(),1309065501170733056,CURDATE(),1);
INSERT INTO `zz_sys_menu` VALUES(1471382958060343381,1309149599981637632,'新建',3,NULL,NULL,NULL,8,NULL,1309065501170733056,CURDATE(),1309065501170733056,CURDATE(),1);
INSERT INTO `zz_sys_menu` VALUES(1309149688699555840,1309149323312762880,'课程统计',1,'formCourseStats',NULL,NULL,1,NULL,1309065501170733056,CURDATE(),1309065501170733056,CURDATE(),1);
INSERT INTO `zz_sys_menu` VALUES(1471382958060343383,1309149688699555840,'显示',3,NULL,NULL,NULL,1,NULL,1309065501170733056,CURDATE(),1309065501170733056,CURDATE(),1);
INSERT INTO `zz_sys_menu` VALUES(1309149754092949504,1309149323312762880,'学生行为统计',1,'formStudentActionStats',NULL,NULL,5,NULL,1309065501170733056,CURDATE(),1309065501170733056,CURDATE(),1);
INSERT INTO `zz_sys_menu` VALUES(1471382958060343385,1309149754092949504,'显示',3,NULL,NULL,NULL,1,NULL,1309065501170733056,CURDATE(),1309065501170733056,CURDATE(),1);
INSERT INTO `zz_sys_menu` VALUES(1471382958060343386,1309149754092949504,'学生行为详情',3,NULL,NULL,NULL,2,NULL,1309065501170733056,CURDATE(),1309065501170733056,CURDATE(),1);
INSERT INTO `zz_sys_menu` VALUES(1471382958060343387,1309149754092949504,'学生行为详情',3,NULL,NULL,NULL,3,NULL,1309065501170733056,CURDATE(),1309065501170733056,CURDATE(),1);
INSERT INTO `zz_sys_menu` VALUES(1471382958060343388,1309149754092949504,'学生行为详情',3,NULL,NULL,NULL,4,NULL,1309065501170733056,CURDATE(),1309065501170733056,CURDATE(),1);
INSERT INTO `zz_sys_menu` VALUES(1471382958060343389,1309149754092949504,'学生行为详情',3,NULL,NULL,NULL,5,NULL,1309065501170733056,CURDATE(),1309065501170733056,CURDATE(),1);
INSERT INTO `zz_sys_menu` VALUES(1471382958060343390,1309149754092949504,'学生行为详情',3,NULL,NULL,NULL,6,NULL,1309065501170733056,CURDATE(),1309065501170733056,CURDATE(),1);
INSERT INTO `zz_sys_menu` VALUES(1471382958060343391,1309149754092949504,'学生行为详情',3,NULL,NULL,NULL,7,NULL,1309065501170733056,CURDATE(),1309065501170733056,CURDATE(),1);
INSERT INTO `zz_sys_menu` VALUES(1471382958060343392,1309149754092949504,'学生行为详情',3,NULL,NULL,NULL,8,NULL,1309065501170733056,CURDATE(),1309065501170733056,CURDATE(),1);
INSERT INTO `zz_sys_menu` VALUES(1471382958060343393,1309149754092949504,'学生行为详情',3,NULL,NULL,NULL,9,NULL,1309065501170733056,CURDATE(),1309065501170733056,CURDATE(),1);
INSERT INTO `zz_sys_menu` VALUES(1381236994243301376,1309065501179121664,'在线用户',1,'formSysLoginUser',NULL,NULL,145,NULL,1309065501170733056,CURDATE(),1309065501170733056,CURDATE(),1);
INSERT INTO `zz_sys_menu` VALUES(1471382958060343395,1381236994243301376,'显示',3,NULL,NULL,NULL,1,NULL,1309065501170733056,CURDATE(),1309065501170733056,CURDATE(),1);
INSERT INTO `zz_sys_menu` VALUES(1471382958060343396,1381236994243301376,'强制下线',3,NULL,NULL,NULL,2,NULL,1309065501170733056,CURDATE(),1309065501170733056,CURDATE(),1);
INSERT INTO `zz_sys_menu` VALUES(1450436140585717760,1309065501179121664,'操作日志',1,'formSysOperationLog',NULL,NULL,140,NULL,1309065501170733056,CURDATE(),1309065501170733056,CURDATE(),1);
INSERT INTO `zz_sys_menu` VALUES(1471382958060343401,1450436140585717760,'显示',3,NULL,NULL,NULL,1,NULL,1309065501170733056,CURDATE(),1309065501170733056,CURDATE(),1);
INSERT INTO `zz_sys_menu` VALUES(1450780482844233728,1309065501179121664,'数据权限管理',1,'formSysDataPerm',NULL,NULL,115,NULL,1309065501170733056,CURDATE(),1309065501170733056,CURDATE(),1);
INSERT INTO `zz_sys_menu` VALUES(1471382958060343405,1450780482844233728,'数据权限管理',2,NULL,NULL,NULL,1,NULL,1309065501170733056,CURDATE(),1309065501170733056,CURDATE(),1);
INSERT INTO `zz_sys_menu` VALUES(1471382958060343406,1450780482844233728,'用户授权',2,NULL,NULL,NULL,2,NULL,1309065501170733056,CURDATE(),1309065501170733056,CURDATE(),1);
INSERT INTO `zz_sys_menu` VALUES(1471382958060343407,1471382958060343405,'显示',3,NULL,NULL,NULL,1,NULL,1309065501170733056,CURDATE(),1309065501170733056,CURDATE(),1);
INSERT INTO `zz_sys_menu` VALUES(1471382958060343408,1471382958060343405,'新增',3,NULL,NULL,NULL,2,NULL,1309065501170733056,CURDATE(),1309065501170733056,CURDATE(),1);
INSERT INTO `zz_sys_menu` VALUES(1471382958060343409,1471382958060343405,'编辑',3,NULL,NULL,NULL,3,NULL,1309065501170733056,CURDATE(),1309065501170733056,CURDATE(),1);
INSERT INTO `zz_sys_menu` VALUES(1471382958060343410,1471382958060343405,'删除',3,NULL,NULL,NULL,4,NULL,1309065501170733056,CURDATE(),1309065501170733056,CURDATE(),1);
INSERT INTO `zz_sys_menu` VALUES(1471382958060343411,1471382958060343406,'显示',3,NULL,NULL,NULL,1,NULL,1309065501170733056,CURDATE(),1309065501170733056,CURDATE(),1);
INSERT INTO `zz_sys_menu` VALUES(1471382958060343412,1471382958060343406,'授权用户',3,NULL,NULL,NULL,2,NULL,1309065501170733056,CURDATE(),1309065501170733056,CURDATE(),1);
INSERT INTO `zz_sys_menu` VALUES(1471382958060343413,1471382958060343406,'移除用户',3,NULL,NULL,NULL,3,NULL,1309065501170733056,CURDATE(),1309065501170733056,CURDATE(),1);
INSERT INTO `zz_sys_menu` VALUES(1450780482995228672,1309065501179121664,'部门管理',1,'formSysDept',NULL,NULL,105,NULL,1309065501170733056,CURDATE(),1309065501170733056,CURDATE(),1);
INSERT INTO `zz_sys_menu` VALUES(1471382958060343423,1450780482995228672,'显示',3,NULL,NULL,NULL,1,NULL,1309065501170733056,CURDATE(),1309065501170733056,CURDATE(),1);
INSERT INTO `zz_sys_menu` VALUES(1471382958060343424,1450780482995228672,'新增',3,NULL,NULL,NULL,2,NULL,1309065501170733056,CURDATE(),1309065501170733056,CURDATE(),1);
INSERT INTO `zz_sys_menu` VALUES(1471382958060343425,1450780482995228672,'编辑',3,NULL,NULL,NULL,3,NULL,1309065501170733056,CURDATE(),1309065501170733056,CURDATE(),1);
INSERT INTO `zz_sys_menu` VALUES(1471382958060343426,1450780482995228672,'删除',3,NULL,NULL,NULL,4,NULL,1309065501170733056,CURDATE(),1309065501170733056,CURDATE(),1);
COMMIT;

-- ----------------------------
-- 全部权限字数据
-- ----------------------------
BEGIN;
INSERT INTO `zz_sys_perm_code` VALUES(1309128107290005504,1309126697768980480,'formCreateCourse:formCreateCourse:add',2,'保存',10,1309065501170733056,CURDATE(),1309065501170733056,CURDATE(),1);
INSERT INTO `zz_sys_perm_code` VALUES(1309119162802507776,1309119162781536256,'formEditStudent:formEditStudent',1,'编辑学生',0,1309065501170733056,CURDATE(),1309065501170733056,CURDATE(),1);
INSERT INTO `zz_sys_perm_code` VALUES(1309118786980286464,1309118786950926336,'formStudent:formStudent',1,'学生管理',0,1309065501170733056,CURDATE(),1309065501170733056,CURDATE(),1);
INSERT INTO `zz_sys_perm_code` VALUES(1471382958056149073,1471382958056149068,'formSysUser:fragmentSysUser:listSysUserPermDetail',2,'权限详情',5,1309065501170733056,CURDATE(),1309065501170733056,CURDATE(),1);
INSERT INTO `zz_sys_perm_code` VALUES(1310045777275392000,NULL,'formSetClassStudent',0,'设置班级学生',110,1309065501170733056,CURDATE(),1309065501170733056,CURDATE(),1);
INSERT INTO `zz_sys_perm_code` VALUES(1471382958060343340,NULL,'formSysPerm',0,'权限管理',10800,1309065501170733056,CURDATE(),1309065501170733056,CURDATE(),1);
INSERT INTO `zz_sys_perm_code` VALUES(1471382958060343421,1471382958060343416,'formSysDataPerm:fragmentSysDataPermUser:deleteDataPermUser',2,'移除用户',2,1309065501170733056,CURDATE(),1309065501170733056,CURDATE(),1);
INSERT INTO `zz_sys_perm_code` VALUES(1471382958060343326,1471382958060343325,'formSysPermCode:fragmentSysPermCode',1,'权限字管理',1,1309065501170733056,CURDATE(),1309065501170733056,CURDATE(),1);
INSERT INTO `zz_sys_perm_code` VALUES(1309122034382409728,1309119087854489600,'formCreateStudent:formCreateStudent:cancel',2,'取消',0,1309065501170733056,CURDATE(),1309065501170733056,CURDATE(),1);
INSERT INTO `zz_sys_perm_code` VALUES(1309129181820358656,NULL,'formCourse',0,'课程管理',50,1309065501170733056,CURDATE(),1309065501170733056,CURDATE(),1);
INSERT INTO `zz_sys_perm_code` VALUES(1471382958060343397,NULL,'formSysLoginUser',0,'在线用户',11200,1309065501170733056,CURDATE(),1309065501170733056,CURDATE(),1);
INSERT INTO `zz_sys_perm_code` VALUES(1471382958060343357,1471382958060343356,'formSysDict:fragmentSysDict:add',2,'新增',1,1309065501170733056,CURDATE(),1309065501170733056,CURDATE(),1);
INSERT INTO `zz_sys_perm_code` VALUES(1317447049490206720,1317441994565357568,'formClass:formClass:formCreateClass',2,'新建',60,1309065501170733056,CURDATE(),1309065501170733056,CURDATE(),1);
INSERT INTO `zz_sys_perm_code` VALUES(1310045398944976896,NULL,'formEditClass',0,'编辑班级',100,1309065501170733056,CURDATE(),1309065501170733056,CURDATE(),1);
INSERT INTO `zz_sys_perm_code` VALUES(1309128027694698496,1309126697768980480,'formCreateCourse:formCreateCourse:cancel',2,'取消',0,1309065501170733056,CURDATE(),1309065501170733056,CURDATE(),1);
INSERT INTO `zz_sys_perm_code` VALUES(1317441994565357568,1317441994556968960,'formClass:formClass',1,'班级管理',0,1309065501170733056,CURDATE(),1309065501170733056,CURDATE(),1);
INSERT INTO `zz_sys_perm_code` VALUES(1471382958056149069,1471382958056149068,'formSysUser:fragmentSysUser:add',2,'新增',1,1309065501170733056,CURDATE(),1309065501170733056,CURDATE(),1);
INSERT INTO `zz_sys_perm_code` VALUES(1310052777421967360,1310045398961754112,'formEditClass:formEditClass:cancel',2,'取消',0,1309065501170733056,CURDATE(),1309065501170733056,CURDATE(),1);
INSERT INTO `zz_sys_perm_code` VALUES(1309126773010599936,NULL,'formEditCourse',0,'编辑课程',40,1309065501170733056,CURDATE(),1309065501170733056,CURDATE(),1);
INSERT INTO `zz_sys_perm_code` VALUES(1310045777287974912,1310045777275392000,'formSetClassStudent:formSetClassStudent',1,'设置班级学生',0,1309065501170733056,CURDATE(),1309065501170733056,CURDATE(),1);
INSERT INTO `zz_sys_perm_code` VALUES(1309148736642879488,1309142127648706560,'formStudentActionStats:formStudentActionStats:formDoCourseDetail',2,'学生行为详情',50,1309065501170733056,CURDATE(),1309065501170733056,CURDATE(),1);
INSERT INTO `zz_sys_perm_code` VALUES(1310047373258395648,1310047373245812736,'formEditClassCourseOrder:formEditClassCourseOrder',1,'编辑课程顺序',0,1309065501170733056,CURDATE(),1309065501170733056,CURDATE(),1);
INSERT INTO `zz_sys_perm_code` VALUES(1309149099517284352,1309142127648706560,'formStudentActionStats:formStudentActionStats:formRfreshDetail',2,'学生行为详情',70,1309065501170733056,CURDATE(),1309065501170733056,CURDATE(),1);
INSERT INTO `zz_sys_perm_code` VALUES(1471382958056149067,NULL,'formSysUser',0,'用户管理',10000,1309065501170733056,CURDATE(),1309065501170733056,CURDATE(),1);
INSERT INTO `zz_sys_perm_code` VALUES(1471382958060343418,1471382958060343415,'formSysDataPerm:fragmentSysDataPerm:update',2,'编辑',2,1309065501170733056,CURDATE(),1309065501170733056,CURDATE(),1);
INSERT INTO `zz_sys_perm_code` VALUES(1471382958060343328,1471382958060343326,'formSysPermCode:fragmentSysPermCode:update',2,'编辑',2,1309065501170733056,CURDATE(),1309065501170733056,CURDATE(),1);
INSERT INTO `zz_sys_perm_code` VALUES(1317446491194789888,1317441994565357568,'formClass:formClass:deleteClassStudent',2,'移除',40,1309065501170733056,CURDATE(),1309065501170733056,CURDATE(),1);
INSERT INTO `zz_sys_perm_code` VALUES(1317441994556968960,NULL,'formClass',0,'班级管理',140,1309065501170733056,CURDATE(),1309065501170733056,CURDATE(),1);
INSERT INTO `zz_sys_perm_code` VALUES(1471382958060343419,1471382958060343415,'formSysDataPerm:fragmentSysDataPerm:delete',2,'删除',3,1309065501170733056,CURDATE(),1309065501170733056,CURDATE(),1);
INSERT INTO `zz_sys_perm_code` VALUES(1471382958060343342,1471382958060343341,'formSysPerm:fragmentSysPerm:addPermModule',2,'新增模块',1,1309065501170733056,CURDATE(),1309065501170733056,CURDATE(),1);
INSERT INTO `zz_sys_perm_code` VALUES(1471382958060343417,1471382958060343415,'formSysDataPerm:fragmentSysDataPerm:add',2,'新增',1,1309065501170733056,CURDATE(),1309065501170733056,CURDATE(),1);
INSERT INTO `zz_sys_perm_code` VALUES(1471382958060343402,NULL,'formSysOperationLog',0,'操作日志',11100,1309065501170733056,CURDATE(),1309065501170733056,CURDATE(),1);
INSERT INTO `zz_sys_perm_code` VALUES(1317446348261298176,1317441994565357568,'formClass:formClass:deleteClassCourse',2,'移除',30,1309065501170733056,CURDATE(),1309065501170733056,CURDATE(),1);
INSERT INTO `zz_sys_perm_code` VALUES(1310054659628470272,1310045318888296448,'formCreateClass:formCreateClass:add',2,'保存',10,1309065501170733056,CURDATE(),1309065501170733056,CURDATE(),1);
INSERT INTO `zz_sys_perm_code` VALUES(1309146998166786048,1309142127648706560,'formStudentActionStats:formStudentActionStats:formBuyVideoDetail',2,'学生行为详情',10,1309065501170733056,CURDATE(),1309065501170733056,CURDATE(),1);
INSERT INTO `zz_sys_perm_code` VALUES(1309118786950926336,NULL,'formStudent',0,'学生管理',0,1309065501170733056,CURDATE(),1309065501170733056,CURDATE(),1);
INSERT INTO `zz_sys_perm_code` VALUES(1309126773035765760,1309126773010599936,'formEditCourse:formEditCourse',1,'编辑课程',0,1309065501170733056,CURDATE(),1309065501170733056,CURDATE(),1);
INSERT INTO `zz_sys_perm_code` VALUES(1471382958060343330,1471382958060343326,'formSysPermCode:fragmentSysPermCode:listSysPermCodePermDetail',2,'权限详情',4,1309065501170733056,CURDATE(),1309065501170733056,CURDATE(),1);
INSERT INTO `zz_sys_perm_code` VALUES(1309119162781536256,NULL,'formEditStudent',0,'编辑学生',20,1309065501170733056,CURDATE(),1309065501170733056,CURDATE(),1);
INSERT INTO `zz_sys_perm_code` VALUES(1471382958060343356,1471382958060343355,'formSysDict:fragmentSysDict',1,'字典管理',1,1309065501170733056,CURDATE(),1309065501170733056,CURDATE(),1);
INSERT INTO `zz_sys_perm_code` VALUES(1310054588606320640,1310045318888296448,'formCreateClass:formCreateClass:cancel',2,'取消',0,1309065501170733056,CURDATE(),1309065501170733056,CURDATE(),1);
INSERT INTO `zz_sys_perm_code` VALUES(1471382958056149070,1471382958056149068,'formSysUser:fragmentSysUser:update',2,'编辑',2,1309065501170733056,CURDATE(),1309065501170733056,CURDATE(),1);
INSERT INTO `zz_sys_perm_code` VALUES(1471382958060343415,1471382958060343414,'formSysDataPerm:fragmentSysDataPerm',1,'数据权限管理',1,1309065501170733056,CURDATE(),1309065501170733056,CURDATE(),1);
INSERT INTO `zz_sys_perm_code` VALUES(1471382958056149072,1471382958056149068,'formSysUser:fragmentSysUser:resetPassword',2,'重置密码',4,1309065501170733056,CURDATE(),1309065501170733056,CURDATE(),1);
INSERT INTO `zz_sys_perm_code` VALUES(1471382958060343355,NULL,'formSysDict',0,'字典管理',10900,1309065501170733056,CURDATE(),1309065501170733056,CURDATE(),1);
INSERT INTO `zz_sys_perm_code` VALUES(1471382958060343316,1471382958060343314,'formSysMenu:fragmentSysMenu:update',2,'编辑',2,1309065501170733056,CURDATE(),1309065501170733056,CURDATE(),1);
INSERT INTO `zz_sys_perm_code` VALUES(1309126697768980480,1309126697743814656,'formCreateCourse:formCreateCourse',1,'新建课程',0,1309065501170733056,CURDATE(),1309065501170733056,CURDATE(),1);
INSERT INTO `zz_sys_perm_code` VALUES(1471382958060343345,1471382958060343341,'formSysPerm:fragmentSysPerm:addPerm',2,'新增权限',4,1309065501170733056,CURDATE(),1309065501170733056,CURDATE(),1);
INSERT INTO `zz_sys_perm_code` VALUES(1471382958060343430,1471382958060343428,'formSysDept:fragmentSysDept:update',2,'编辑',2,1309065501170733056,CURDATE(),1309065501170733056,CURDATE(),1);
INSERT INTO `zz_sys_perm_code` VALUES(1471382958060343344,1471382958060343341,'formSysPerm:fragmentSysPerm:deletePermModule',2,'删除模块',3,1309065501170733056,CURDATE(),1309065501170733056,CURDATE(),1);
INSERT INTO `zz_sys_perm_code` VALUES(1471382958060343348,1471382958060343341,'formSysPerm:fragmentSysPerm:listSysPermPermDetail',2,'权限详情',7,1309065501170733056,CURDATE(),1309065501170733056,CURDATE(),1);
INSERT INTO `zz_sys_perm_code` VALUES(1310047839765663744,1310047373258395648,'formEditClassCourseOrder:formEditClassCourseOrder:cancel',2,'取消',0,1309065501170733056,CURDATE(),1309065501170733056,CURDATE(),1);
INSERT INTO `zz_sys_perm_code` VALUES(1309130129129082880,1309129181832941568,'formCourse:formCourse:delete',2,'删除',20,1309065501170733056,CURDATE(),1309065501170733056,CURDATE(),1);
INSERT INTO `zz_sys_perm_code` VALUES(1309146700991959040,1309142127648706560,'formStudentActionStats:formStudentActionStats:formBuyCourseDetail',2,'学生行为详情',0,1309065501170733056,CURDATE(),1309065501170733056,CURDATE(),1);
INSERT INTO `zz_sys_perm_code` VALUES(1310048044510613504,1310047373258395648,'formEditClassCourseOrder:formEditClassCourseOrder:updateClassCourse',2,'保存',10,1309065501170733056,CURDATE(),1309065501170733056,CURDATE(),1);
INSERT INTO `zz_sys_perm_code` VALUES(1471382958060343420,1471382958060343416,'formSysDataPerm:fragmentSysDataPermUser:addDataPermUser',2,'授权用户',1,1309065501170733056,CURDATE(),1309065501170733056,CURDATE(),1);
INSERT INTO `zz_sys_perm_code` VALUES(1471382958060343304,1471382958060343299,'formSysRole:fragmentSysRole:listSysRolePermDetail',2,'权限详情',4,1309065501170733056,CURDATE(),1309065501170733056,CURDATE(),1);
INSERT INTO `zz_sys_perm_code` VALUES(1471382958060343315,1471382958060343314,'formSysMenu:fragmentSysMenu:add',2,'新增',1,1309065501170733056,CURDATE(),1309065501170733056,CURDATE(),1);
INSERT INTO `zz_sys_perm_code` VALUES(1471382958060343329,1471382958060343326,'formSysPermCode:fragmentSysPermCode:delete',2,'删除',3,1309065501170733056,CURDATE(),1309065501170733056,CURDATE(),1);
INSERT INTO `zz_sys_perm_code` VALUES(1310047142177411072,1310045841410494464,'formSetClassCourse:formSetClassCourse:addClassCourse',2,'添加',0,1309065501170733056,CURDATE(),1309065501170733056,CURDATE(),1);
INSERT INTO `zz_sys_perm_code` VALUES(1310045841410494464,1310045841393717248,'formSetClassCourse:formSetClassCourse',1,'设置班级课程',0,1309065501170733056,CURDATE(),1309065501170733056,CURDATE(),1);
INSERT INTO `zz_sys_perm_code` VALUES(1471382958060343428,1471382958060343427,'formSysDept:fragmentSysDept',1,'部门管理',1,1309065501170733056,CURDATE(),1309065501170733056,CURDATE(),1);
INSERT INTO `zz_sys_perm_code` VALUES(1310045318871519232,NULL,'formCreateClass',0,'新建班级',90,1309065501170733056,CURDATE(),1309065501170733056,CURDATE(),1);
INSERT INTO `zz_sys_perm_code` VALUES(1310049031359041536,1310045777287974912,'formSetClassStudent:formSetClassStudent:addClassStudent',2,'添加',0,1309065501170733056,CURDATE(),1309065501170733056,CURDATE(),1);
INSERT INTO `zz_sys_perm_code` VALUES(1309119087854489600,1309119087825129472,'formCreateStudent:formCreateStudent',1,'新建学生',0,1309065501170733056,CURDATE(),1309065501170733056,CURDATE(),1);
INSERT INTO `zz_sys_perm_code` VALUES(1471382958060343398,1471382958060343397,'formSysLoginUser:fragmentLoginUser',1,'在线用户',1,1309065501170733056,CURDATE(),1309065501170733056,CURDATE(),1);
INSERT INTO `zz_sys_perm_code` VALUES(1309141803726802944,NULL,'formCourseStats',0,'课程统计',60,1309065501170733056,CURDATE(),1309065501170733056,CURDATE(),1);
INSERT INTO `zz_sys_perm_code` VALUES(1309142241536643072,1309142241519865856,'formStudentActionDetail:formStudentActionDetail',1,'学生行为详情',0,1309065501170733056,CURDATE(),1309065501170733056,CURDATE(),1);
INSERT INTO `zz_sys_perm_code` VALUES(1471382958060343313,NULL,'formSysMenu',0,'菜单管理',10600,1309065501170733056,CURDATE(),1309065501170733056,CURDATE(),1);
INSERT INTO `zz_sys_perm_code` VALUES(1309141803756163072,1309141803726802944,'formCourseStats:formCourseStats',1,'课程统计',0,1309065501170733056,CURDATE(),1309065501170733056,CURDATE(),1);
INSERT INTO `zz_sys_perm_code` VALUES(1471382958060343318,1471382958060343314,'formSysMenu:fragmentSysMenu:listSysMenuPermDetail',2,'权限详情',4,1309065501170733056,CURDATE(),1309065501170733056,CURDATE(),1);
INSERT INTO `zz_sys_perm_code` VALUES(1471382958060343416,1471382958060343414,'formSysDataPerm:fragmentSysDataPermUser',1,'用户授权',2,1309065501170733056,CURDATE(),1309065501170733056,CURDATE(),1);
INSERT INTO `zz_sys_perm_code` VALUES(1309126697743814656,NULL,'formCreateCourse',0,'新建课程',30,1309065501170733056,CURDATE(),1309065501170733056,CURDATE(),1);
INSERT INTO `zz_sys_perm_code` VALUES(1309148211042062336,1309142127648706560,'formStudentActionStats:formStudentActionStats:formBuyFlowerDetail',2,'学生行为详情',20,1309065501170733056,CURDATE(),1309065501170733056,CURDATE(),1);
INSERT INTO `zz_sys_perm_code` VALUES(1471382958060343303,1471382958060343299,'formSysRole:fragmentSysRole:delete',2,'删除',3,1309065501170733056,CURDATE(),1309065501170733056,CURDATE(),1);
INSERT INTO `zz_sys_perm_code` VALUES(1309125342333505536,1309118786980286464,'formStudent:formStudent:formCreateStudent',2,'新建',0,1309065501170733056,CURDATE(),1309065501170733056,CURDATE(),1);
INSERT INTO `zz_sys_perm_code` VALUES(1471382958060343325,NULL,'formSysPermCode',0,'权限字管理',10700,1309065501170733056,CURDATE(),1309065501170733056,CURDATE(),1);
INSERT INTO `zz_sys_perm_code` VALUES(1309125399774498816,1309118786980286464,'formStudent:formStudent:formEditStudent',2,'编辑',10,1309065501170733056,CURDATE(),1309065501170733056,CURDATE(),1);
INSERT INTO `zz_sys_perm_code` VALUES(1471382958060343305,1471382958060343300,'formSysRole:fragmentSysRoleUser:addUserRole',2,'授权用户',1,1309065501170733056,CURDATE(),1309065501170733056,CURDATE(),1);
INSERT INTO `zz_sys_perm_code` VALUES(1471382958060343343,1471382958060343341,'formSysPerm:fragmentSysPerm:updatePermModule',2,'编辑模块',2,1309065501170733056,CURDATE(),1309065501170733056,CURDATE(),1);
INSERT INTO `zz_sys_perm_code` VALUES(1310045841393717248,NULL,'formSetClassCourse',0,'设置班级课程',120,1309065501170733056,CURDATE(),1309065501170733056,CURDATE(),1);
INSERT INTO `zz_sys_perm_code` VALUES(1471382958060343298,NULL,'formSysRole',0,'角色管理',10200,1309065501170733056,CURDATE(),1309065501170733056,CURDATE(),1);
INSERT INTO `zz_sys_perm_code` VALUES(1310045318888296448,1310045318871519232,'formCreateClass:formCreateClass',1,'新建班级',0,1309065501170733056,CURDATE(),1309065501170733056,CURDATE(),1);
INSERT INTO `zz_sys_perm_code` VALUES(1309127549577596928,1309126773035765760,'formEditCourse:formEditCourse:update',2,'保存',10,1309065501170733056,CURDATE(),1309065501170733056,CURDATE(),1);
INSERT INTO `zz_sys_perm_code` VALUES(1471382958060343359,1471382958060343356,'formSysDict:fragmentSysDict:delete',2,'删除',3,1309065501170733056,CURDATE(),1309065501170733056,CURDATE(),1);
INSERT INTO `zz_sys_perm_code` VALUES(1309142241519865856,NULL,'formStudentActionDetail',0,'学生行为详情',80,1309065501170733056,CURDATE(),1309065501170733056,CURDATE(),1);
INSERT INTO `zz_sys_perm_code` VALUES(1317446957249073152,1317441994565357568,'formClass:formClass:formSetClassCourse',2,'设置班级课程',0,1309065501170733056,CURDATE(),1309065501170733056,CURDATE(),1);
INSERT INTO `zz_sys_perm_code` VALUES(1309130041216471040,1309129181832941568,'formCourse:formCourse:formEditCourse',2,'编辑',10,1309065501170733056,CURDATE(),1309065501170733056,CURDATE(),1);
INSERT INTO `zz_sys_perm_code` VALUES(1317446183299321856,1317441994565357568,'formClass:formClass:delete',2,'删除',20,1309065501170733056,CURDATE(),1309065501170733056,CURDATE(),1);
INSERT INTO `zz_sys_perm_code` VALUES(1310047373245812736,NULL,'formEditClassCourseOrder',0,'编辑课程顺序',130,1309065501170733056,CURDATE(),1309065501170733056,CURDATE(),1);
INSERT INTO `zz_sys_perm_code` VALUES(1471382958060343427,NULL,'formSysDept',0,'部门管理',10100,1309065501170733056,CURDATE(),1309065501170733056,CURDATE(),1);
INSERT INTO `zz_sys_perm_code` VALUES(1309119087825129472,NULL,'formCreateStudent',0,'新建学生',10,1309065501170733056,CURDATE(),1309065501170733056,CURDATE(),1);
INSERT INTO `zz_sys_perm_code` VALUES(1309120761155293184,1309119162802507776,'formEditStudent:formEditStudent:update',2,'保存',10,1309065501170733056,CURDATE(),1309065501170733056,CURDATE(),1);
INSERT INTO `zz_sys_perm_code` VALUES(1471382958060343360,1471382958060343356,'formSysDict:fragmentSysDict:reloadCache',2,'同步缓存',4,1309065501170733056,CURDATE(),1309065501170733056,CURDATE(),1);
INSERT INTO `zz_sys_perm_code` VALUES(1471382958060343327,1471382958060343326,'formSysPermCode:fragmentSysPermCode:add',2,'新增',1,1309065501170733056,CURDATE(),1309065501170733056,CURDATE(),1);
INSERT INTO `zz_sys_perm_code` VALUES(1471382958060343347,1471382958060343341,'formSysPerm:fragmentSysPerm:deletePerm',2,'删除权限',6,1309065501170733056,CURDATE(),1309065501170733056,CURDATE(),1);
INSERT INTO `zz_sys_perm_code` VALUES(1471382958060343431,1471382958060343428,'formSysDept:fragmentSysDept:delete',2,'删除',3,1309065501170733056,CURDATE(),1309065501170733056,CURDATE(),1);
INSERT INTO `zz_sys_perm_code` VALUES(1309148888996777984,1309142127648706560,'formStudentActionStats:formStudentActionStats:formWatchVideoDetail',2,'学生行为详情',60,1309065501170733056,CURDATE(),1309065501170733056,CURDATE(),1);
INSERT INTO `zz_sys_perm_code` VALUES(1471382958060343299,1471382958060343298,'formSysRole:fragmentSysRole',1,'角色管理',1,1309065501170733056,CURDATE(),1309065501170733056,CURDATE(),1);
INSERT INTO `zz_sys_perm_code` VALUES(1471382958060343346,1471382958060343341,'formSysPerm:fragmentSysPerm:updatePerm',2,'编辑权限',5,1309065501170733056,CURDATE(),1309065501170733056,CURDATE(),1);
INSERT INTO `zz_sys_perm_code` VALUES(1471382958060343399,1471382958060343398,'formSysLoginUser:fragmentLoginUser:delete',2,'强制下线',1,1309065501170733056,CURDATE(),1309065501170733056,CURDATE(),1);
INSERT INTO `zz_sys_perm_code` VALUES(1471382958056149068,1471382958056149067,'formSysUser:fragmentSysUser',1,'用户管理',1,1309065501170733056,CURDATE(),1309065501170733056,CURDATE(),1);
INSERT INTO `zz_sys_perm_code` VALUES(1310052866517372928,1310045398961754112,'formEditClass:formEditClass:update',2,'保存',10,1309065501170733056,CURDATE(),1309065501170733056,CURDATE(),1);
INSERT INTO `zz_sys_perm_code` VALUES(1309129985163792384,1309129181832941568,'formCourse:formCourse:formCreateCourse',2,'新建',0,1309065501170733056,CURDATE(),1309065501170733056,CURDATE(),1);
INSERT INTO `zz_sys_perm_code` VALUES(1471382958060343317,1471382958060343314,'formSysMenu:fragmentSysMenu:delete',2,'删除',3,1309065501170733056,CURDATE(),1309065501170733056,CURDATE(),1);
INSERT INTO `zz_sys_perm_code` VALUES(1471382958060343306,1471382958060343300,'formSysRole:fragmentSysRoleUser:deleteUserRole',2,'移除用户',2,1309065501170733056,CURDATE(),1309065501170733056,CURDATE(),1);
INSERT INTO `zz_sys_perm_code` VALUES(1309120655660158976,1309119162802507776,'formEditStudent:formEditStudent:cancel',2,'取消',0,1309065501170733056,CURDATE(),1309065501170733056,CURDATE(),1);
INSERT INTO `zz_sys_perm_code` VALUES(1309127469407670272,1309126773035765760,'formEditCourse:formEditCourse:cancel',2,'取消',0,1309065501170733056,CURDATE(),1309065501170733056,CURDATE(),1);
INSERT INTO `zz_sys_perm_code` VALUES(1309129181832941568,1309129181820358656,'formCourse:formCourse',1,'课程管理',0,1309065501170733056,CURDATE(),1309065501170733056,CURDATE(),1);
INSERT INTO `zz_sys_perm_code` VALUES(1309148396623237120,1309142127648706560,'formStudentActionStats:formStudentActionStats:formBuyPaperDetail',2,'学生行为详情',30,1309065501170733056,CURDATE(),1309065501170733056,CURDATE(),1);
INSERT INTO `zz_sys_perm_code` VALUES(1309142127648706560,1309142127631929344,'formStudentActionStats:formStudentActionStats',1,'学生行为统计',0,1309065501170733056,CURDATE(),1309065501170733056,CURDATE(),1);
INSERT INTO `zz_sys_perm_code` VALUES(1310045398961754112,1310045398944976896,'formEditClass:formEditClass',1,'编辑班级',0,1309065501170733056,CURDATE(),1309065501170733056,CURDATE(),1);
INSERT INTO `zz_sys_perm_code` VALUES(1309148593025716224,1309142127648706560,'formStudentActionStats:formStudentActionStats:formBuyCoinDetail',2,'学生行为详情',40,1309065501170733056,CURDATE(),1309065501170733056,CURDATE(),1);
INSERT INTO `zz_sys_perm_code` VALUES(1471382958056149071,1471382958056149068,'formSysUser:fragmentSysUser:delete',2,'删除',3,1309065501170733056,CURDATE(),1309065501170733056,CURDATE(),1);
INSERT INTO `zz_sys_perm_code` VALUES(1471382958060343314,1471382958060343313,'formSysMenu:fragmentSysMenu',1,'菜单管理',1,1309065501170733056,CURDATE(),1309065501170733056,CURDATE(),1);
INSERT INTO `zz_sys_perm_code` VALUES(1471382958060343358,1471382958060343356,'formSysDict:fragmentSysDict:update',2,'编辑',2,1309065501170733056,CURDATE(),1309065501170733056,CURDATE(),1);
INSERT INTO `zz_sys_perm_code` VALUES(1309125475649458176,1309118786980286464,'formStudent:formStudent:delete',2,'删除',20,1309065501170733056,CURDATE(),1309065501170733056,CURDATE(),1);
INSERT INTO `zz_sys_perm_code` VALUES(1471382958060343341,1471382958060343340,'formSysPerm:fragmentSysPerm',1,'权限管理',1,1309065501170733056,CURDATE(),1309065501170733056,CURDATE(),1);
INSERT INTO `zz_sys_perm_code` VALUES(1471382958060343429,1471382958060343428,'formSysDept:fragmentSysDept:add',2,'新增',1,1309065501170733056,CURDATE(),1309065501170733056,CURDATE(),1);
INSERT INTO `zz_sys_perm_code` VALUES(1471382958060343300,1471382958060343298,'formSysRole:fragmentSysRoleUser',1,'用户授权',2,1309065501170733056,CURDATE(),1309065501170733056,CURDATE(),1);
INSERT INTO `zz_sys_perm_code` VALUES(1471382958060343301,1471382958060343299,'formSysRole:fragmentSysRole:add',2,'新增',1,1309065501170733056,CURDATE(),1309065501170733056,CURDATE(),1);
INSERT INTO `zz_sys_perm_code` VALUES(1471382958060343414,NULL,'formSysDataPerm',0,'数据权限管理',10400,1309065501170733056,CURDATE(),1309065501170733056,CURDATE(),1);
INSERT INTO `zz_sys_perm_code` VALUES(1471382958060343302,1471382958060343299,'formSysRole:fragmentSysRole:update',2,'编辑',2,1309065501170733056,CURDATE(),1309065501170733056,CURDATE(),1);
INSERT INTO `zz_sys_perm_code` VALUES(1309122096596520960,1309119087854489600,'formCreateStudent:formCreateStudent:add',2,'保存',10,1309065501170733056,CURDATE(),1309065501170733056,CURDATE(),1);
INSERT INTO `zz_sys_perm_code` VALUES(1317446103494299648,1317441994565357568,'formClass:formClass:formEditClass',2,'编辑',10,1309065501170733056,CURDATE(),1309065501170733056,CURDATE(),1);
INSERT INTO `zz_sys_perm_code` VALUES(1471382958060343403,1471382958060343402,'formSysOperationLog:fragmentSysOperationLog',1,'操作日志',1,1309065501170733056,CURDATE(),1309065501170733056,CURDATE(),1);
INSERT INTO `zz_sys_perm_code` VALUES(1317446628411445248,1317441994565357568,'formClass:formClass:formSetClassStudent',2,'设置班级学生',50,1309065501170733056,CURDATE(),1309065501170733056,CURDATE(),1);
INSERT INTO `zz_sys_perm_code` VALUES(1309142127631929344,NULL,'formStudentActionStats',0,'学生行为统计',70,1309065501170733056,CURDATE(),1309065501170733056,CURDATE(),1);
COMMIT;

-- ----------------------------
-- 全部菜单和权限字关系数据
-- ----------------------------
BEGIN;
INSERT INTO `zz_sys_menu_perm_code` VALUES(1471382958056149061,1471382958056149068);
INSERT INTO `zz_sys_menu_perm_code` VALUES(1471382958056149062,1471382958056149069);
INSERT INTO `zz_sys_menu_perm_code` VALUES(1471382958056149063,1471382958056149070);
INSERT INTO `zz_sys_menu_perm_code` VALUES(1471382958056149064,1471382958056149071);
INSERT INTO `zz_sys_menu_perm_code` VALUES(1471382958056149065,1471382958056149072);
INSERT INTO `zz_sys_menu_perm_code` VALUES(1471382958056149066,1471382958056149073);
INSERT INTO `zz_sys_menu_perm_code` VALUES(1471382958056149077,1471382958060343299);
INSERT INTO `zz_sys_menu_perm_code` VALUES(1471382958056149082,1471382958060343300);
INSERT INTO `zz_sys_menu_perm_code` VALUES(1471382958056149078,1471382958060343301);
INSERT INTO `zz_sys_menu_perm_code` VALUES(1471382958056149079,1471382958060343302);
INSERT INTO `zz_sys_menu_perm_code` VALUES(1471382958056149080,1471382958060343303);
INSERT INTO `zz_sys_menu_perm_code` VALUES(1471382958060343296,1471382958060343305);
INSERT INTO `zz_sys_menu_perm_code` VALUES(1471382958060343297,1471382958060343306);
INSERT INTO `zz_sys_menu_perm_code` VALUES(1471382958056149081,1471382958060343304);
INSERT INTO `zz_sys_menu_perm_code` VALUES(1471382958060343308,1471382958060343314);
INSERT INTO `zz_sys_menu_perm_code` VALUES(1471382958060343310,1471382958060343316);
INSERT INTO `zz_sys_menu_perm_code` VALUES(1471382958060343309,1471382958060343315);
INSERT INTO `zz_sys_menu_perm_code` VALUES(1471382958060343311,1471382958060343317);
INSERT INTO `zz_sys_menu_perm_code` VALUES(1471382958060343312,1471382958060343318);
INSERT INTO `zz_sys_menu_perm_code` VALUES(1471382958060343320,1471382958060343326);
INSERT INTO `zz_sys_menu_perm_code` VALUES(1471382958060343321,1471382958060343327);
INSERT INTO `zz_sys_menu_perm_code` VALUES(1471382958060343322,1471382958060343328);
INSERT INTO `zz_sys_menu_perm_code` VALUES(1471382958060343323,1471382958060343329);
INSERT INTO `zz_sys_menu_perm_code` VALUES(1471382958060343324,1471382958060343330);
INSERT INTO `zz_sys_menu_perm_code` VALUES(1471382958060343332,1471382958060343341);
INSERT INTO `zz_sys_menu_perm_code` VALUES(1471382958060343333,1471382958060343342);
INSERT INTO `zz_sys_menu_perm_code` VALUES(1471382958060343334,1471382958060343343);
INSERT INTO `zz_sys_menu_perm_code` VALUES(1471382958060343335,1471382958060343344);
INSERT INTO `zz_sys_menu_perm_code` VALUES(1471382958060343336,1471382958060343345);
INSERT INTO `zz_sys_menu_perm_code` VALUES(1471382958060343337,1471382958060343346);
INSERT INTO `zz_sys_menu_perm_code` VALUES(1471382958060343338,1471382958060343347);
INSERT INTO `zz_sys_menu_perm_code` VALUES(1471382958060343339,1471382958060343348);
INSERT INTO `zz_sys_menu_perm_code` VALUES(1309065501183315973,1471382958060343356);
INSERT INTO `zz_sys_menu_perm_code` VALUES(1309065501183315973,1471382958060343357);
INSERT INTO `zz_sys_menu_perm_code` VALUES(1309065501183315973,1471382958060343358);
INSERT INTO `zz_sys_menu_perm_code` VALUES(1309065501183315973,1471382958060343359);
INSERT INTO `zz_sys_menu_perm_code` VALUES(1309065501183315973,1471382958060343360);
INSERT INTO `zz_sys_menu_perm_code` VALUES(1471382958060343350,1471382958060343356);
INSERT INTO `zz_sys_menu_perm_code` VALUES(1471382958060343351,1471382958060343357);
INSERT INTO `zz_sys_menu_perm_code` VALUES(1471382958060343352,1471382958060343358);
INSERT INTO `zz_sys_menu_perm_code` VALUES(1471382958060343353,1471382958060343359);
INSERT INTO `zz_sys_menu_perm_code` VALUES(1471382958060343354,1471382958060343360);
INSERT INTO `zz_sys_menu_perm_code` VALUES(1471382958060343364,1309118786980286464);
INSERT INTO `zz_sys_menu_perm_code` VALUES(1471382958060343365,1309125342333505536);
INSERT INTO `zz_sys_menu_perm_code` VALUES(1471382958060343365,1309119087825129472);
INSERT INTO `zz_sys_menu_perm_code` VALUES(1471382958060343365,1309119087854489600);
INSERT INTO `zz_sys_menu_perm_code` VALUES(1471382958060343365,1309122034382409728);
INSERT INTO `zz_sys_menu_perm_code` VALUES(1471382958060343365,1309122096596520960);
INSERT INTO `zz_sys_menu_perm_code` VALUES(1471382958060343366,1309125399774498816);
INSERT INTO `zz_sys_menu_perm_code` VALUES(1471382958060343366,1309119162781536256);
INSERT INTO `zz_sys_menu_perm_code` VALUES(1471382958060343366,1309119162802507776);
INSERT INTO `zz_sys_menu_perm_code` VALUES(1471382958060343366,1309120655660158976);
INSERT INTO `zz_sys_menu_perm_code` VALUES(1471382958060343366,1309120761155293184);
INSERT INTO `zz_sys_menu_perm_code` VALUES(1471382958060343367,1309125475649458176);
INSERT INTO `zz_sys_menu_perm_code` VALUES(1471382958060343369,1309129181832941568);
INSERT INTO `zz_sys_menu_perm_code` VALUES(1471382958060343370,1309129985163792384);
INSERT INTO `zz_sys_menu_perm_code` VALUES(1471382958060343370,1309126697743814656);
INSERT INTO `zz_sys_menu_perm_code` VALUES(1471382958060343370,1309126697768980480);
INSERT INTO `zz_sys_menu_perm_code` VALUES(1471382958060343370,1309128027694698496);
INSERT INTO `zz_sys_menu_perm_code` VALUES(1471382958060343370,1309128107290005504);
INSERT INTO `zz_sys_menu_perm_code` VALUES(1471382958060343371,1309130041216471040);
INSERT INTO `zz_sys_menu_perm_code` VALUES(1471382958060343371,1309126773010599936);
INSERT INTO `zz_sys_menu_perm_code` VALUES(1471382958060343371,1309126773035765760);
INSERT INTO `zz_sys_menu_perm_code` VALUES(1471382958060343371,1309127469407670272);
INSERT INTO `zz_sys_menu_perm_code` VALUES(1471382958060343371,1309127549577596928);
INSERT INTO `zz_sys_menu_perm_code` VALUES(1471382958060343372,1309130129129082880);
INSERT INTO `zz_sys_menu_perm_code` VALUES(1471382958060343374,1317441994565357568);
INSERT INTO `zz_sys_menu_perm_code` VALUES(1471382958060343375,1317446957249073152);
INSERT INTO `zz_sys_menu_perm_code` VALUES(1471382958060343375,1310045841393717248);
INSERT INTO `zz_sys_menu_perm_code` VALUES(1471382958060343375,1310045841410494464);
INSERT INTO `zz_sys_menu_perm_code` VALUES(1471382958060343375,1310047142177411072);
INSERT INTO `zz_sys_menu_perm_code` VALUES(1471382958060343376,1317446103494299648);
INSERT INTO `zz_sys_menu_perm_code` VALUES(1471382958060343376,1310045398944976896);
INSERT INTO `zz_sys_menu_perm_code` VALUES(1471382958060343376,1310045398961754112);
INSERT INTO `zz_sys_menu_perm_code` VALUES(1471382958060343376,1310052777421967360);
INSERT INTO `zz_sys_menu_perm_code` VALUES(1471382958060343376,1310052866517372928);
INSERT INTO `zz_sys_menu_perm_code` VALUES(1471382958060343377,1317446183299321856);
INSERT INTO `zz_sys_menu_perm_code` VALUES(1471382958060343378,1317446348261298176);
INSERT INTO `zz_sys_menu_perm_code` VALUES(1471382958060343379,1317446491194789888);
INSERT INTO `zz_sys_menu_perm_code` VALUES(1471382958060343380,1317446628411445248);
INSERT INTO `zz_sys_menu_perm_code` VALUES(1471382958060343380,1310045777275392000);
INSERT INTO `zz_sys_menu_perm_code` VALUES(1471382958060343380,1310045777287974912);
INSERT INTO `zz_sys_menu_perm_code` VALUES(1471382958060343380,1310049031359041536);
INSERT INTO `zz_sys_menu_perm_code` VALUES(1471382958060343381,1317447049490206720);
INSERT INTO `zz_sys_menu_perm_code` VALUES(1471382958060343381,1310045318871519232);
INSERT INTO `zz_sys_menu_perm_code` VALUES(1471382958060343381,1310045318888296448);
INSERT INTO `zz_sys_menu_perm_code` VALUES(1471382958060343381,1310054588606320640);
INSERT INTO `zz_sys_menu_perm_code` VALUES(1471382958060343381,1310054659628470272);
INSERT INTO `zz_sys_menu_perm_code` VALUES(1471382958060343383,1309141803756163072);
INSERT INTO `zz_sys_menu_perm_code` VALUES(1471382958060343385,1309142127648706560);
INSERT INTO `zz_sys_menu_perm_code` VALUES(1471382958060343386,1309146700991959040);
INSERT INTO `zz_sys_menu_perm_code` VALUES(1471382958060343386,1309142241519865856);
INSERT INTO `zz_sys_menu_perm_code` VALUES(1471382958060343386,1309142241536643072);
INSERT INTO `zz_sys_menu_perm_code` VALUES(1471382958060343387,1309146998166786048);
INSERT INTO `zz_sys_menu_perm_code` VALUES(1471382958060343387,1309142241519865856);
INSERT INTO `zz_sys_menu_perm_code` VALUES(1471382958060343387,1309142241536643072);
INSERT INTO `zz_sys_menu_perm_code` VALUES(1471382958060343388,1309148211042062336);
INSERT INTO `zz_sys_menu_perm_code` VALUES(1471382958060343388,1309142241519865856);
INSERT INTO `zz_sys_menu_perm_code` VALUES(1471382958060343388,1309142241536643072);
INSERT INTO `zz_sys_menu_perm_code` VALUES(1471382958060343389,1309148396623237120);
INSERT INTO `zz_sys_menu_perm_code` VALUES(1471382958060343389,1309142241519865856);
INSERT INTO `zz_sys_menu_perm_code` VALUES(1471382958060343389,1309142241536643072);
INSERT INTO `zz_sys_menu_perm_code` VALUES(1471382958060343390,1309148593025716224);
INSERT INTO `zz_sys_menu_perm_code` VALUES(1471382958060343390,1309142241519865856);
INSERT INTO `zz_sys_menu_perm_code` VALUES(1471382958060343390,1309142241536643072);
INSERT INTO `zz_sys_menu_perm_code` VALUES(1471382958060343391,1309148736642879488);
INSERT INTO `zz_sys_menu_perm_code` VALUES(1471382958060343391,1309142241519865856);
INSERT INTO `zz_sys_menu_perm_code` VALUES(1471382958060343391,1309142241536643072);
INSERT INTO `zz_sys_menu_perm_code` VALUES(1471382958060343392,1309148888996777984);
INSERT INTO `zz_sys_menu_perm_code` VALUES(1471382958060343392,1309142241519865856);
INSERT INTO `zz_sys_menu_perm_code` VALUES(1471382958060343392,1309142241536643072);
INSERT INTO `zz_sys_menu_perm_code` VALUES(1471382958060343393,1309149099517284352);
INSERT INTO `zz_sys_menu_perm_code` VALUES(1471382958060343393,1309142241519865856);
INSERT INTO `zz_sys_menu_perm_code` VALUES(1471382958060343393,1309142241536643072);
INSERT INTO `zz_sys_menu_perm_code` VALUES(1471382958060343395,1471382958060343398);
INSERT INTO `zz_sys_menu_perm_code` VALUES(1471382958060343396,1471382958060343399);
INSERT INTO `zz_sys_menu_perm_code` VALUES(1471382958060343401,1471382958060343403);
INSERT INTO `zz_sys_menu_perm_code` VALUES(1471382958060343407,1471382958060343415);
INSERT INTO `zz_sys_menu_perm_code` VALUES(1471382958060343411,1471382958060343416);
INSERT INTO `zz_sys_menu_perm_code` VALUES(1471382958060343408,1471382958060343417);
INSERT INTO `zz_sys_menu_perm_code` VALUES(1471382958060343409,1471382958060343418);
INSERT INTO `zz_sys_menu_perm_code` VALUES(1471382958060343410,1471382958060343419);
INSERT INTO `zz_sys_menu_perm_code` VALUES(1471382958060343412,1471382958060343420);
INSERT INTO `zz_sys_menu_perm_code` VALUES(1471382958060343413,1471382958060343421);
INSERT INTO `zz_sys_menu_perm_code` VALUES(1471382958060343423,1471382958060343428);
INSERT INTO `zz_sys_menu_perm_code` VALUES(1471382958060343424,1471382958060343429);
INSERT INTO `zz_sys_menu_perm_code` VALUES(1471382958060343425,1471382958060343430);
INSERT INTO `zz_sys_menu_perm_code` VALUES(1471382958060343426,1471382958060343431);
COMMIT;

-- ----------------------------
-- 全部权限资源模块数据
-- ----------------------------
BEGIN;
INSERT INTO `zz_sys_perm_module` VALUES(1309065501191704577,NULL,'缺省分组',0,3,1309065501170733056,CURDATE(),1309065501170733056,CURDATE(),1);
INSERT INTO `zz_sys_perm_module` VALUES(1309065501191704576,NULL,'系统配置',0,2,1309065501170733056,CURDATE(),1309065501170733056,CURDATE(),1);
INSERT INTO `zz_sys_perm_module` VALUES(1309065501174927363,NULL,'用户权限',0,1,1309065501170733056,CURDATE(),1309065501170733056,CURDATE(),1);
INSERT INTO `zz_sys_perm_module` VALUES(1471382958047760513,1309065501191704576,'字典管理',0,0,1309065501170733056,CURDATE(),1309065501170733056,CURDATE(),1);
INSERT INTO `zz_sys_perm_module` VALUES(1309112124714258432,1309065501191704577,'课程数据',1,0,1309065501170733056,CURDATE(),1309065501170733056,CURDATE(),1);
INSERT INTO `zz_sys_perm_module` VALUES(1309112024990486528,1309065501191704577,'学生数据',1,5,1309065501170733056,CURDATE(),1309065501170733056,CURDATE(),1);
INSERT INTO `zz_sys_perm_module` VALUES(1450780483003617280,1309065501174927363,'部门管理',1,0,1309065501170733056,CURDATE(),1309065501170733056,CURDATE(),1);
INSERT INTO `zz_sys_perm_module` VALUES(1309065501246230528,1309065501174927363,'用户管理',1,5,1309065501170733056,CURDATE(),1309065501170733056,CURDATE(),1);
INSERT INTO `zz_sys_perm_module` VALUES(1309112241315909632,1309065501191704577,'班级数据',1,10,1309065501170733056,CURDATE(),1309065501170733056,CURDATE(),1);
INSERT INTO `zz_sys_perm_module` VALUES(1309112447033937920,1309065501191704577,'课程统计',1,15,1309065501170733056,CURDATE(),1309065501170733056,CURDATE(),1);
INSERT INTO `zz_sys_perm_module` VALUES(1309112511861100544,1309065501191704577,'学生行为统计',1,20,1309065501170733056,CURDATE(),1309065501170733056,CURDATE(),1);
INSERT INTO `zz_sys_perm_module` VALUES(1309112578361790464,1309065501191704577,'学生行为流水',1,25,1309065501170733056,CURDATE(),1309065501170733056,CURDATE(),1);
INSERT INTO `zz_sys_perm_module` VALUES(1471382958047760460,1309065501174927363,'角色管理',1,10,1309065501170733056,CURDATE(),1309065501170733056,CURDATE(),1);
INSERT INTO `zz_sys_perm_module` VALUES(1471382958047760472,1309065501174927363,'数据权限管理',1,15,1309065501170733056,CURDATE(),1309065501170733056,CURDATE(),1);
INSERT INTO `zz_sys_perm_module` VALUES(1471382958047760482,1309065501174927363,'菜单管理',1,20,1309065501170733056,CURDATE(),1309065501170733056,CURDATE(),1);
INSERT INTO `zz_sys_perm_module` VALUES(1471382958047760490,1309065501174927363,'权限字管理',1,25,1309065501170733056,CURDATE(),1309065501170733056,CURDATE(),1);
INSERT INTO `zz_sys_perm_module` VALUES(1471382958047760498,1309065501174927363,'权限模块管理',1,30,1309065501170733056,CURDATE(),1309065501170733056,CURDATE(),1);
INSERT INTO `zz_sys_perm_module` VALUES(1471382958047760504,1309065501174927363,'权限资源管理',1,35,1309065501170733056,CURDATE(),1309065501170733056,CURDATE(),1);
INSERT INTO `zz_sys_perm_module` VALUES(1309100839457001472,1471382958047760513,'行政区划',1,1,1309065501170733056,CURDATE(),1309065501170733056,CURDATE(),1);
INSERT INTO `zz_sys_perm_module` VALUES(1309101919565778944,1471382958047760513,'年级',1,2,1309065501170733056,CURDATE(),1309065501170733056,CURDATE(),1);
INSERT INTO `zz_sys_perm_module` VALUES(1471382958047760524,1309065501191704576,'操作日志',1,5,1309065501170733056,CURDATE(),1309065501170733056,CURDATE(),1);
INSERT INTO `zz_sys_perm_module` VALUES(1471382958047760526,1309065501191704576,'在线用户',1,10,1309065501170733056,CURDATE(),1309065501170733056,CURDATE(),1);
COMMIT;

-- ----------------------------
-- 全部权限资源数据
-- ----------------------------
BEGIN;
INSERT INTO `zz_sys_perm` VALUES(1309112124726841344,1309112124714258432,'新增','/admin/app/course/add',1,1309065501170733056,CURDATE(),1309065501170733056,CURDATE(),1);
INSERT INTO `zz_sys_perm` VALUES(1309112124726841356,1309112124714258432,'编辑','/admin/app/course/update',2,1309065501170733056,CURDATE(),1309065501170733056,CURDATE(),1);
INSERT INTO `zz_sys_perm` VALUES(1309112124726841369,1309112124714258432,'删除','/admin/app/course/delete',3,1309065501170733056,CURDATE(),1309065501170733056,CURDATE(),1);
INSERT INTO `zz_sys_perm` VALUES(1309112124739424256,1309112124714258432,'显示列表','/admin/app/course/list',4,1309065501170733056,CURDATE(),1309065501170733056,CURDATE(),1);
INSERT INTO `zz_sys_perm` VALUES(1309112124739424264,1309112124714258432,'导出','/admin/app/course/export',5,1309065501170733056,CURDATE(),1309065501170733056,CURDATE(),1);
INSERT INTO `zz_sys_perm` VALUES(1309112124739424272,1309112124714258432,'详情','/admin/app/course/view',6,1309065501170733056,CURDATE(),1309065501170733056,CURDATE(),1);
INSERT INTO `zz_sys_perm` VALUES(1309112124739424274,1309112124714258432,'打印','/admin/app/course/print',7,1309065501170733056,CURDATE(),1309065501170733056,CURDATE(),1);
INSERT INTO `zz_sys_perm` VALUES(1476927661690327121,1309112124714258432,'导入','/admin/app/course/import',8,1309065501170733056,CURDATE(),1309065501170733056,CURDATE(),1);
INSERT INTO `zz_sys_perm` VALUES(1483415036817838160,1309112124714258432,'批量删除','/admin/app/course/deleteBatch',9,1309065501170733056,CURDATE(),1309065501170733056,CURDATE(),1);
INSERT INTO `zz_sys_perm` VALUES(1309101772039524360,1309112124714258432,'课程数据文件上传','/admin/app/course/upload',10,1309065501170733056,CURDATE(),1309065501170733056,CURDATE(),1);
INSERT INTO `zz_sys_perm` VALUES(1309100092954775560,1309112124714258432,'课程数据文件下载','/admin/app/course/download',11,1309065501170733056,CURDATE(),1309065501170733056,CURDATE(),1);
INSERT INTO `zz_sys_perm` VALUES(1309112025003069440,1309112024990486528,'新增','/admin/app/student/add',1,1309065501170733056,CURDATE(),1309065501170733056,CURDATE(),1);
INSERT INTO `zz_sys_perm` VALUES(1309112025003069455,1309112024990486528,'编辑','/admin/app/student/update',2,1309065501170733056,CURDATE(),1309065501170733056,CURDATE(),1);
INSERT INTO `zz_sys_perm` VALUES(1309112025003069471,1309112024990486528,'删除','/admin/app/student/delete',3,1309065501170733056,CURDATE(),1309065501170733056,CURDATE(),1);
INSERT INTO `zz_sys_perm` VALUES(1309112025028235264,1309112024990486528,'显示列表','/admin/app/student/list',4,1309065501170733056,CURDATE(),1309065501170733056,CURDATE(),1);
INSERT INTO `zz_sys_perm` VALUES(1309112025028235274,1309112024990486528,'导出','/admin/app/student/export',5,1309065501170733056,CURDATE(),1309065501170733056,CURDATE(),1);
INSERT INTO `zz_sys_perm` VALUES(1309112025028235284,1309112024990486528,'详情','/admin/app/student/view',6,1309065501170733056,CURDATE(),1309065501170733056,CURDATE(),1);
INSERT INTO `zz_sys_perm` VALUES(1309112025028235286,1309112024990486528,'打印','/admin/app/student/print',7,1309065501170733056,CURDATE(),1309065501170733056,CURDATE(),1);
INSERT INTO `zz_sys_perm` VALUES(1476927661690327120,1309112024990486528,'导入','/admin/app/student/import',8,1309065501170733056,CURDATE(),1309065501170733056,CURDATE(),1);
INSERT INTO `zz_sys_perm` VALUES(1483415036817838159,1309112024990486528,'批量删除','/admin/app/student/deleteBatch',9,1309065501170733056,CURDATE(),1309065501170733056,CURDATE(),1);
INSERT INTO `zz_sys_perm` VALUES(1450780483024588800,1450780483003617280,'新增','/admin/upms/sysDept/add',1,1309065501170733056,CURDATE(),1309065501170733056,CURDATE(),1);
INSERT INTO `zz_sys_perm` VALUES(1450780483024588809,1450780483003617280,'编辑','/admin/upms/sysDept/update',2,1309065501170733056,CURDATE(),1309065501170733056,CURDATE(),1);
INSERT INTO `zz_sys_perm` VALUES(1450780483024588819,1450780483003617280,'删除','/admin/upms/sysDept/delete',3,1309065501170733056,CURDATE(),1309065501170733056,CURDATE(),1);
INSERT INTO `zz_sys_perm` VALUES(1450780483045560320,1450780483003617280,'显示列表','/admin/upms/sysDept/list',4,1309065501170733056,CURDATE(),1309065501170733056,CURDATE(),1);
INSERT INTO `zz_sys_perm` VALUES(1450780483045560323,1450780483003617280,'导出','/admin/upms/sysDept/export',5,1309065501170733056,CURDATE(),1309065501170733056,CURDATE(),1);
INSERT INTO `zz_sys_perm` VALUES(1450780483045560326,1450780483003617280,'详情','/admin/upms/sysDept/view',6,1309065501170733056,CURDATE(),1309065501170733056,CURDATE(),1);
INSERT INTO `zz_sys_perm` VALUES(1450780483045560328,1450780483003617280,'打印','/admin/upms/sysDept/print',7,1309065501170733056,CURDATE(),1309065501170733056,CURDATE(),1);
INSERT INTO `zz_sys_perm` VALUES(1476927661698716019,1450780483003617280,'导入','/admin/upms/sysDept/import',8,1309065501170733056,CURDATE(),1309065501170733056,CURDATE(),1);
INSERT INTO `zz_sys_perm` VALUES(1483415036830421029,1450780483003617280,'批量删除','/admin/upms/sysDept/deleteBatch',9,1309065501170733056,CURDATE(),1309065501170733056,CURDATE(),1);
INSERT INTO `zz_sys_perm` VALUES(1309065501263007744,1309065501246230528,'新增','/admin/upms/sysUser/add',1,1309065501170733056,CURDATE(),1309065501170733056,CURDATE(),1);
INSERT INTO `zz_sys_perm` VALUES(1309065501263007756,1309065501246230528,'编辑','/admin/upms/sysUser/update',2,1309065501170733056,CURDATE(),1309065501170733056,CURDATE(),1);
INSERT INTO `zz_sys_perm` VALUES(1309065501263007769,1309065501246230528,'删除','/admin/upms/sysUser/delete',3,1309065501170733056,CURDATE(),1309065501170733056,CURDATE(),1);
INSERT INTO `zz_sys_perm` VALUES(1309065501309145088,1309065501246230528,'显示列表','/admin/upms/sysUser/list',4,1309065501170733056,CURDATE(),1309065501170733056,CURDATE(),1);
INSERT INTO `zz_sys_perm` VALUES(1309065501309145093,1309065501246230528,'导出','/admin/upms/sysUser/export',5,1309065501170733056,CURDATE(),1309065501170733056,CURDATE(),1);
INSERT INTO `zz_sys_perm` VALUES(1309065501309145098,1309065501246230528,'详情','/admin/upms/sysUser/view',6,1309065501170733056,CURDATE(),1309065501170733056,CURDATE(),1);
INSERT INTO `zz_sys_perm` VALUES(1309065501309145100,1309065501246230528,'打印','/admin/upms/sysUser/print',7,1309065501170733056,CURDATE(),1309065501170733056,CURDATE(),1);
INSERT INTO `zz_sys_perm` VALUES(1309065501321728000,1309065501246230528,'重置密码','/admin/upms/sysUser/resetPassword',8,1309065501170733056,CURDATE(),1309065501170733056,CURDATE(),1);
INSERT INTO `zz_sys_perm` VALUES(1476927661690327119,1309065501246230528,'导入','/admin/upms/sysUser/import',9,1309065501170733056,CURDATE(),1309065501170733056,CURDATE(),1);
INSERT INTO `zz_sys_perm` VALUES(1483415036817838158,1309065501246230528,'批量删除','/admin/upms/sysUser/deleteBatch',10,1309065501170733056,CURDATE(),1309065501170733056,CURDATE(),1);
INSERT INTO `zz_sys_perm` VALUES(1309065501216870411,1309065501246230528,'用户管理文件上传','/admin/upms/sysUser/upload',11,1309065501170733056,CURDATE(),1309065501170733056,CURDATE(),1);
INSERT INTO `zz_sys_perm` VALUES(1309065501216870410,1309065501246230528,'用户管理文件下载','/admin/upms/sysUser/download',12,1309065501170733056,CURDATE(),1309065501170733056,CURDATE(),1);
INSERT INTO `zz_sys_perm` VALUES(1471382958047760419,1309065501246230528,'用户权限资源分配详情','/admin/upms/sysUser/listSysPermWithDetail',13,1309065501170733056,CURDATE(),1309065501170733056,CURDATE(),1);
INSERT INTO `zz_sys_perm` VALUES(1471382958047760420,1309065501246230528,'用户权限字分配详情','/admin/upms/sysUser/listSysPermCodeWithDetail',14,1309065501170733056,CURDATE(),1309065501170733056,CURDATE(),1);
INSERT INTO `zz_sys_perm` VALUES(1471382958047760421,1309065501246230528,'用户菜单分配详情','/admin/upms/sysUser/listSysMenuWithDetail',15,1309065501170733056,CURDATE(),1309065501170733056,CURDATE(),1);
INSERT INTO `zz_sys_perm` VALUES(1309112241353658368,1309112241315909632,'新增','/admin/app/studentClass/add',1,1309065501170733056,CURDATE(),1309065501170733056,CURDATE(),1);
INSERT INTO `zz_sys_perm` VALUES(1309112241353658377,1309112241315909632,'编辑','/admin/app/studentClass/update',2,1309065501170733056,CURDATE(),1309065501170733056,CURDATE(),1);
INSERT INTO `zz_sys_perm` VALUES(1309112241353658387,1309112241315909632,'删除','/admin/app/studentClass/delete',3,1309065501170733056,CURDATE(),1309065501170733056,CURDATE(),1);
INSERT INTO `zz_sys_perm` VALUES(1309112241387212800,1309112241315909632,'显示列表','/admin/app/studentClass/list',4,1309065501170733056,CURDATE(),1309065501170733056,CURDATE(),1);
INSERT INTO `zz_sys_perm` VALUES(1309112241387212804,1309112241315909632,'导出','/admin/app/studentClass/export',5,1309065501170733056,CURDATE(),1309065501170733056,CURDATE(),1);
INSERT INTO `zz_sys_perm` VALUES(1309112241387212808,1309112241315909632,'详情','/admin/app/studentClass/view',6,1309065501170733056,CURDATE(),1309065501170733056,CURDATE(),1);
INSERT INTO `zz_sys_perm` VALUES(1309112241387212810,1309112241315909632,'打印','/admin/app/studentClass/print',7,1309065501170733056,CURDATE(),1309065501170733056,CURDATE(),1);
INSERT INTO `zz_sys_perm` VALUES(1310043383829368832,1309112241315909632,'新增班级课程','/admin/app/studentClass/addClassCourse',8,1309065501170733056,CURDATE(),1309065501170733056,CURDATE(),1);
INSERT INTO `zz_sys_perm` VALUES(1310043383829368835,1309112241315909632,'详情班级课程','/admin/app/studentClass/viewClassCourse',9,1309065501170733056,CURDATE(),1309065501170733056,CURDATE(),1);
INSERT INTO `zz_sys_perm` VALUES(1310043383829368838,1309112241315909632,'编辑班级课程','/admin/app/studentClass/updateClassCourse',10,1309065501170733056,CURDATE(),1309065501170733056,CURDATE(),1);
INSERT INTO `zz_sys_perm` VALUES(1310043383829368842,1309112241315909632,'移除班级课程','/admin/app/studentClass/deleteClassCourse',11,1309065501170733056,CURDATE(),1309065501170733056,CURDATE(),1);
INSERT INTO `zz_sys_perm` VALUES(1310043383829368845,1309112241315909632,'班级课程列表','/admin/app/studentClass/listClassCourse',12,1309065501170733056,CURDATE(),1309065501170733056,CURDATE(),1);
INSERT INTO `zz_sys_perm` VALUES(1310043383829368854,1309112241315909632,'班级课程未关联列表','/admin/app/studentClass/listNotInClassCourse',13,1309065501170733056,CURDATE(),1309065501170733056,CURDATE(),1);
INSERT INTO `zz_sys_perm` VALUES(1310043399490899968,1309112241315909632,'新增班级学生','/admin/app/studentClass/addClassStudent',14,1309065501170733056,CURDATE(),1309065501170733056,CURDATE(),1);
INSERT INTO `zz_sys_perm` VALUES(1310043399490899977,1309112241315909632,'移除班级学生','/admin/app/studentClass/deleteClassStudent',15,1309065501170733056,CURDATE(),1309065501170733056,CURDATE(),1);
INSERT INTO `zz_sys_perm` VALUES(1310043399490899980,1309112241315909632,'班级学生列表','/admin/app/studentClass/listClassStudent',16,1309065501170733056,CURDATE(),1309065501170733056,CURDATE(),1);
INSERT INTO `zz_sys_perm` VALUES(1310043399490899991,1309112241315909632,'班级学生未关联列表','/admin/app/studentClass/listNotInClassStudent',17,1309065501170733056,CURDATE(),1309065501170733056,CURDATE(),1);
INSERT INTO `zz_sys_perm` VALUES(1476927661690327122,1309112241315909632,'导入','/admin/app/studentClass/import',18,1309065501170733056,CURDATE(),1309065501170733056,CURDATE(),1);
INSERT INTO `zz_sys_perm` VALUES(1483414879128784897,1309112241315909632,'批量移除班级课程','/admin/app/studentClass/deleteClassCourseList',19,1309065501170733056,CURDATE(),1309065501170733056,CURDATE(),1);
INSERT INTO `zz_sys_perm` VALUES(1483414879271391233,1309112241315909632,'批量移除班级学生','/admin/app/studentClass/deleteClassStudentList',20,1309065501170733056,CURDATE(),1309065501170733056,CURDATE(),1);
INSERT INTO `zz_sys_perm` VALUES(1483415036817838161,1309112241315909632,'批量删除','/admin/app/studentClass/deleteBatch',21,1309065501170733056,CURDATE(),1309065501170733056,CURDATE(),1);
INSERT INTO `zz_sys_perm` VALUES(1309112447046520832,1309112447033937920,'分组列表','/admin/app/courseTransStats/listWithGroup',1,1309065501170733056,CURDATE(),1309065501170733056,CURDATE(),1);
INSERT INTO `zz_sys_perm` VALUES(1309112447054909440,1309112447033937920,'显示列表','/admin/app/courseTransStats/list',2,1309065501170733056,CURDATE(),1309065501170733056,CURDATE(),1);
INSERT INTO `zz_sys_perm` VALUES(1309112447054909444,1309112447033937920,'导出','/admin/app/courseTransStats/export',3,1309065501170733056,CURDATE(),1309065501170733056,CURDATE(),1);
INSERT INTO `zz_sys_perm` VALUES(1309112447054909448,1309112447033937920,'详情','/admin/app/courseTransStats/view',4,1309065501170733056,CURDATE(),1309065501170733056,CURDATE(),1);
INSERT INTO `zz_sys_perm` VALUES(1309112447054909450,1309112447033937920,'打印','/admin/app/courseTransStats/print',5,1309065501170733056,CURDATE(),1309065501170733056,CURDATE(),1);
INSERT INTO `zz_sys_perm` VALUES(1309112511877877760,1309112511861100544,'分组列表','/admin/app/studentActionStats/listWithGroup',1,1309065501170733056,CURDATE(),1309065501170733056,CURDATE(),1);
INSERT INTO `zz_sys_perm` VALUES(1309112511886266368,1309112511861100544,'显示列表','/admin/app/studentActionStats/list',2,1309065501170733056,CURDATE(),1309065501170733056,CURDATE(),1);
INSERT INTO `zz_sys_perm` VALUES(1309112511886266373,1309112511861100544,'导出','/admin/app/studentActionStats/export',3,1309065501170733056,CURDATE(),1309065501170733056,CURDATE(),1);
INSERT INTO `zz_sys_perm` VALUES(1309112511886266378,1309112511861100544,'详情','/admin/app/studentActionStats/view',4,1309065501170733056,CURDATE(),1309065501170733056,CURDATE(),1);
INSERT INTO `zz_sys_perm` VALUES(1309112511886266380,1309112511861100544,'打印','/admin/app/studentActionStats/print',5,1309065501170733056,CURDATE(),1309065501170733056,CURDATE(),1);
INSERT INTO `zz_sys_perm` VALUES(1309112578378567680,1309112578361790464,'新增','/admin/app/studentActionTrans/add',1,1309065501170733056,CURDATE(),1309065501170733056,CURDATE(),1);
INSERT INTO `zz_sys_perm` VALUES(1309112578378567695,1309112578361790464,'编辑','/admin/app/studentActionTrans/update',2,1309065501170733056,CURDATE(),1309065501170733056,CURDATE(),1);
INSERT INTO `zz_sys_perm` VALUES(1309112578378567711,1309112578361790464,'删除','/admin/app/studentActionTrans/delete',3,1309065501170733056,CURDATE(),1309065501170733056,CURDATE(),1);
INSERT INTO `zz_sys_perm` VALUES(1309112578391150592,1309112578361790464,'显示列表','/admin/app/studentActionTrans/list',4,1309065501170733056,CURDATE(),1309065501170733056,CURDATE(),1);
INSERT INTO `zz_sys_perm` VALUES(1309112578391150599,1309112578361790464,'导出','/admin/app/studentActionTrans/export',5,1309065501170733056,CURDATE(),1309065501170733056,CURDATE(),1);
INSERT INTO `zz_sys_perm` VALUES(1309112578391150606,1309112578361790464,'详情','/admin/app/studentActionTrans/view',6,1309065501170733056,CURDATE(),1309065501170733056,CURDATE(),1);
INSERT INTO `zz_sys_perm` VALUES(1309112578391150608,1309112578361790464,'打印','/admin/app/studentActionTrans/print',7,1309065501170733056,CURDATE(),1309065501170733056,CURDATE(),1);
INSERT INTO `zz_sys_perm` VALUES(1476927661690327123,1309112578361790464,'导入','/admin/app/studentActionTrans/import',8,1309065501170733056,CURDATE(),1309065501170733056,CURDATE(),1);
INSERT INTO `zz_sys_perm` VALUES(1483415036817838162,1309112578361790464,'批量删除','/admin/app/studentActionTrans/deleteBatch',9,1309065501170733056,CURDATE(),1309065501170733056,CURDATE(),1);
INSERT INTO `zz_sys_perm` VALUES(1471382958047760461,1471382958047760460,'新增','/admin/upms/sysRole/add',1,1309065501170733056,CURDATE(),1309065501170733056,CURDATE(),1);
INSERT INTO `zz_sys_perm` VALUES(1471382958047760462,1471382958047760460,'编辑','/admin/upms/sysRole/update',2,1309065501170733056,CURDATE(),1309065501170733056,CURDATE(),1);
INSERT INTO `zz_sys_perm` VALUES(1471382958047760463,1471382958047760460,'删除','/admin/upms/sysRole/delete',3,1309065501170733056,CURDATE(),1309065501170733056,CURDATE(),1);
INSERT INTO `zz_sys_perm` VALUES(1471382958047760464,1471382958047760460,'显示列表','/admin/upms/sysRole/list',4,1309065501170733056,CURDATE(),1309065501170733056,CURDATE(),1);
INSERT INTO `zz_sys_perm` VALUES(1471382958047760465,1471382958047760460,'详情','/admin/upms/sysRole/view',5,1309065501170733056,CURDATE(),1309065501170733056,CURDATE(),1);
INSERT INTO `zz_sys_perm` VALUES(1471382958047760466,1471382958047760460,'授权用户','/admin/upms/sysRole/addUserRole',6,1309065501170733056,CURDATE(),1309065501170733056,CURDATE(),1);
INSERT INTO `zz_sys_perm` VALUES(1471382958047760467,1471382958047760460,'移除用户','/admin/upms/sysRole/deleteUserRole',7,1309065501170733056,CURDATE(),1309065501170733056,CURDATE(),1);
INSERT INTO `zz_sys_perm` VALUES(1471382958047760468,1471382958047760460,'角色用户列表','/admin/upms/sysRole/listUserRole',8,1309065501170733056,CURDATE(),1309065501170733056,CURDATE(),1);
INSERT INTO `zz_sys_perm` VALUES(1471382958047760469,1471382958047760460,'角色未添加用户列表','/admin/upms/sysRole/listNotInUserRole',9,1309065501170733056,CURDATE(),1309065501170733056,CURDATE(),1);
INSERT INTO `zz_sys_perm` VALUES(1471382958047760470,1471382958047760460,'角色权限资源分配详情','/admin/upms/sysRole/listSysPermWithDetail',10,1309065501170733056,CURDATE(),1309065501170733056,CURDATE(),1);
INSERT INTO `zz_sys_perm` VALUES(1471382958047760471,1471382958047760460,'角色权限字分配详情','/admin/upms/sysRole/listSysPermCodeWithDetail',11,1309065501170733056,CURDATE(),1309065501170733056,CURDATE(),1);
INSERT INTO `zz_sys_perm` VALUES(1471382958047760473,1471382958047760472,'新增','/admin/upms/sysDataPerm/add',1,1309065501170733056,CURDATE(),1309065501170733056,CURDATE(),1);
INSERT INTO `zz_sys_perm` VALUES(1471382958047760474,1471382958047760472,'编辑','/admin/upms/sysDataPerm/update',2,1309065501170733056,CURDATE(),1309065501170733056,CURDATE(),1);
INSERT INTO `zz_sys_perm` VALUES(1471382958047760475,1471382958047760472,'删除','/admin/upms/sysDataPerm/delete',3,1309065501170733056,CURDATE(),1309065501170733056,CURDATE(),1);
INSERT INTO `zz_sys_perm` VALUES(1471382958047760476,1471382958047760472,'显示列表','/admin/upms/sysDataPerm/list',4,1309065501170733056,CURDATE(),1309065501170733056,CURDATE(),1);
INSERT INTO `zz_sys_perm` VALUES(1471382958047760477,1471382958047760472,'详情','/admin/upms/sysDataPerm/view',5,1309065501170733056,CURDATE(),1309065501170733056,CURDATE(),1);
INSERT INTO `zz_sys_perm` VALUES(1471382958047760478,1471382958047760472,'授权用户','/admin/upms/sysDataPerm/addDataPermUser',5,1309065501170733056,CURDATE(),1309065501170733056,CURDATE(),1);
INSERT INTO `zz_sys_perm` VALUES(1471382958047760479,1471382958047760472,'移除用户','/admin/upms/sysDataPerm/deleteDataPermUser',6,1309065501170733056,CURDATE(),1309065501170733056,CURDATE(),1);
INSERT INTO `zz_sys_perm` VALUES(1471382958047760480,1471382958047760472,'数据权限用户列表','/admin/upms/sysDataPerm/listDataPermUser',7,1309065501170733056,CURDATE(),1309065501170733056,CURDATE(),1);
INSERT INTO `zz_sys_perm` VALUES(1471382958047760481,1471382958047760472,'数据权限未添加用户列表','/admin/upms/sysDataPerm/listNotInDataPermUser',8,1309065501170733056,CURDATE(),1309065501170733056,CURDATE(),1);
INSERT INTO `zz_sys_perm` VALUES(1471382958047760483,1471382958047760482,'新增','/admin/upms/sysMenu/add',1,1309065501170733056,CURDATE(),1309065501170733056,CURDATE(),1);
INSERT INTO `zz_sys_perm` VALUES(1471382958047760484,1471382958047760482,'删除','/admin/upms/sysMenu/delete',2,1309065501170733056,CURDATE(),1309065501170733056,CURDATE(),1);
INSERT INTO `zz_sys_perm` VALUES(1471382958047760485,1471382958047760482,'编辑','/admin/upms/sysMenu/update',3,1309065501170733056,CURDATE(),1309065501170733056,CURDATE(),1);
INSERT INTO `zz_sys_perm` VALUES(1471382958047760486,1471382958047760482,'显示列表','/admin/upms/sysMenu/list',4,1309065501170733056,CURDATE(),1309065501170733056,CURDATE(),1);
INSERT INTO `zz_sys_perm` VALUES(1471382958047760487,1471382958047760482,'详情','/admin/upms/sysMenu/view',5,1309065501170733056,CURDATE(),1309065501170733056,CURDATE(),1);
INSERT INTO `zz_sys_perm` VALUES(1471382958047760488,1471382958047760482,'菜单权限资源分配详情','/admin/upms/sysMenu/listSysPermWithDetail',6,1309065501170733056,CURDATE(),1309065501170733056,CURDATE(),1);
INSERT INTO `zz_sys_perm` VALUES(1471382958047760489,1471382958047760482,'菜单用户分配详情','/admin/upms/sysMenu/listSysUserWithDetail',7,1309065501170733056,CURDATE(),1309065501170733056,CURDATE(),1);
INSERT INTO `zz_sys_perm` VALUES(1471382958047760491,1471382958047760490,'新增','/admin/upms/sysPermCode/add',1,1309065501170733056,CURDATE(),1309065501170733056,CURDATE(),1);
INSERT INTO `zz_sys_perm` VALUES(1471382958047760492,1471382958047760490,'编辑','/admin/upms/sysPermCode/update',2,1309065501170733056,CURDATE(),1309065501170733056,CURDATE(),1);
INSERT INTO `zz_sys_perm` VALUES(1471382958047760493,1471382958047760490,'删除','/admin/upms/sysPermCode/delete',3,1309065501170733056,CURDATE(),1309065501170733056,CURDATE(),1);
INSERT INTO `zz_sys_perm` VALUES(1471382958047760494,1471382958047760490,'显示列表','/admin/upms/sysPermCode/list',4,1309065501170733056,CURDATE(),1309065501170733056,CURDATE(),1);
INSERT INTO `zz_sys_perm` VALUES(1471382958047760495,1471382958047760490,'详情','/admin/upms/sysPermCode/view',5,1309065501170733056,CURDATE(),1309065501170733056,CURDATE(),1);
INSERT INTO `zz_sys_perm` VALUES(1471382958047760496,1471382958047760490,'权限字用户分配详情','/admin/upms/sysPermCode/listSysUserWithDetail',6,1309065501170733056,CURDATE(),1309065501170733056,CURDATE(),1);
INSERT INTO `zz_sys_perm` VALUES(1471382958047760497,1471382958047760490,'权限字角色分配详情','/admin/upms/sysPermCode/listSysRoleWithDetail',7,1309065501170733056,CURDATE(),1309065501170733056,CURDATE(),1);
INSERT INTO `zz_sys_perm` VALUES(1471382958047760499,1471382958047760498,'新增','/admin/upms/sysPermModule/add',1,1309065501170733056,CURDATE(),1309065501170733056,CURDATE(),1);
INSERT INTO `zz_sys_perm` VALUES(1471382958047760500,1471382958047760498,'编辑','/admin/upms/sysPermModule/update',2,1309065501170733056,CURDATE(),1309065501170733056,CURDATE(),1);
INSERT INTO `zz_sys_perm` VALUES(1471382958047760501,1471382958047760498,'删除','/admin/upms/sysPermModule/delete',3,1309065501170733056,CURDATE(),1309065501170733056,CURDATE(),1);
INSERT INTO `zz_sys_perm` VALUES(1471382958047760502,1471382958047760498,'显示列表','/admin/upms/sysPermModule/list',4,1309065501170733056,CURDATE(),1309065501170733056,CURDATE(),1);
INSERT INTO `zz_sys_perm` VALUES(1471382958047760503,1471382958047760498,'显示全部','/admin/upms/sysPermModule/listAll',5,1309065501170733056,CURDATE(),1309065501170733056,CURDATE(),1);
INSERT INTO `zz_sys_perm` VALUES(1471382958047760505,1471382958047760504,'新增','/admin/upms/sysPerm/add',1,1309065501170733056,CURDATE(),1309065501170733056,CURDATE(),1);
INSERT INTO `zz_sys_perm` VALUES(1471382958047760506,1471382958047760504,'编辑','/admin/upms/sysPerm/update',2,1309065501170733056,CURDATE(),1309065501170733056,CURDATE(),1);
INSERT INTO `zz_sys_perm` VALUES(1471382958047760507,1471382958047760504,'删除','/admin/upms/sysPerm/delete',3,1309065501170733056,CURDATE(),1309065501170733056,CURDATE(),1);
INSERT INTO `zz_sys_perm` VALUES(1471382958047760508,1471382958047760504,'显示列表','/admin/upms/sysPerm/list',4,1309065501170733056,CURDATE(),1309065501170733056,CURDATE(),1);
INSERT INTO `zz_sys_perm` VALUES(1471382958047760509,1471382958047760504,'详情','/admin/upms/sysPerm/view',5,1309065501170733056,CURDATE(),1309065501170733056,CURDATE(),1);
INSERT INTO `zz_sys_perm` VALUES(1471382958047760510,1471382958047760504,'权限资源用户分配详情','/admin/upms/sysPerm/listSysUserWithDetail',6,1309065501170733056,CURDATE(),1309065501170733056,CURDATE(),1);
INSERT INTO `zz_sys_perm` VALUES(1471382958047760511,1471382958047760504,'权限资源角色分配详情','/admin/upms/sysPerm/listSysRoleWithDetail',7,1309065501170733056,CURDATE(),1309065501170733056,CURDATE(),1);
INSERT INTO `zz_sys_perm` VALUES(1471382958047760512,1471382958047760504,'权限资源菜单分配详情','/admin/upms/sysPerm/listSysMenuWithDetail',8,1309065501170733056,CURDATE(),1309065501170733056,CURDATE(),1);
INSERT INTO `zz_sys_perm` VALUES(1471382958047760515,1309100839457001472,'新增','/admin/app/areaCode/add',1,1309065501170733056,CURDATE(),1309065501170733056,CURDATE(),1);
INSERT INTO `zz_sys_perm` VALUES(1471382958047760516,1309100839457001472,'编辑','/admin/app/areaCode/update',2,1309065501170733056,CURDATE(),1309065501170733056,CURDATE(),1);
INSERT INTO `zz_sys_perm` VALUES(1471382958047760517,1309100839457001472,'删除','/admin/app/areaCode/delete',3,1309065501170733056,CURDATE(),1309065501170733056,CURDATE(),1);
INSERT INTO `zz_sys_perm` VALUES(1471382958047760518,1309100839457001472,'同步缓存','/admin/app/areaCode/reloadCachedData',4,1309065501170733056,CURDATE(),1309065501170733056,CURDATE(),1);
INSERT INTO `zz_sys_perm` VALUES(1471382958047760520,1309101919565778944,'新增','/admin/app/grade/add',1,1309065501170733056,CURDATE(),1309065501170733056,CURDATE(),1);
INSERT INTO `zz_sys_perm` VALUES(1471382958047760521,1309101919565778944,'编辑','/admin/app/grade/update',2,1309065501170733056,CURDATE(),1309065501170733056,CURDATE(),1);
INSERT INTO `zz_sys_perm` VALUES(1471382958047760522,1309101919565778944,'删除','/admin/app/grade/delete',3,1309065501170733056,CURDATE(),1309065501170733056,CURDATE(),1);
INSERT INTO `zz_sys_perm` VALUES(1471382958047760523,1309101919565778944,'同步缓存','/admin/app/grade/reloadCachedData',4,1309065501170733056,CURDATE(),1309065501170733056,CURDATE(),1);
INSERT INTO `zz_sys_perm` VALUES(1471382958047760525,1471382958047760524,'显示列表','/admin/upms/sysOperationLog/list',1,1309065501170733056,CURDATE(),1309065501170733056,CURDATE(),1);
INSERT INTO `zz_sys_perm` VALUES(1471382958047760527,1471382958047760526,'显示列表','/admin/upms/loginUser/list',1,1309065501170733056,CURDATE(),1309065501170733056,CURDATE(),1);
INSERT INTO `zz_sys_perm` VALUES(1471382958047760528,1471382958047760526,'删除','/admin/upms/loginUser/delete',1,1309065501170733056,CURDATE(),1309065501170733056,CURDATE(),1);
COMMIT;

-- ----------------------------
-- 全部权限字和权限资源关系数据
-- ----------------------------
BEGIN;
INSERT INTO `zz_sys_perm_code_perm` VALUES(1309118786980286464,1309112025028235264);
INSERT INTO `zz_sys_perm_code_perm` VALUES(1309125475649458176,1309112025003069471);
INSERT INTO `zz_sys_perm_code_perm` VALUES(1309122096596520960,1309112025003069440);
INSERT INTO `zz_sys_perm_code_perm` VALUES(1309119162802507776,1309112025028235284);
INSERT INTO `zz_sys_perm_code_perm` VALUES(1309120761155293184,1309112025003069455);
INSERT INTO `zz_sys_perm_code_perm` VALUES(1309128107290005504,1309101772039524360);
INSERT INTO `zz_sys_perm_code_perm` VALUES(1309128107290005504,1309112124726841344);
INSERT INTO `zz_sys_perm_code_perm` VALUES(1309126773035765760,1309100092954775560);
INSERT INTO `zz_sys_perm_code_perm` VALUES(1309126773035765760,1309112124739424272);
INSERT INTO `zz_sys_perm_code_perm` VALUES(1309127549577596928,1309101772039524360);
INSERT INTO `zz_sys_perm_code_perm` VALUES(1309127549577596928,1309112124726841356);
INSERT INTO `zz_sys_perm_code_perm` VALUES(1309129181832941568,1309100092954775560);
INSERT INTO `zz_sys_perm_code_perm` VALUES(1309129181832941568,1309112124739424256);
INSERT INTO `zz_sys_perm_code_perm` VALUES(1309130129129082880,1309112124726841369);
INSERT INTO `zz_sys_perm_code_perm` VALUES(1309141803756163072,1309112447046520832);
INSERT INTO `zz_sys_perm_code_perm` VALUES(1309141803756163072,1309112447054909440);
INSERT INTO `zz_sys_perm_code_perm` VALUES(1309142127648706560,1309112511877877760);
INSERT INTO `zz_sys_perm_code_perm` VALUES(1309142127648706560,1309112511886266368);
INSERT INTO `zz_sys_perm_code_perm` VALUES(1309142241536643072,1309112578391150592);
INSERT INTO `zz_sys_perm_code_perm` VALUES(1310054659628470272,1309112241353658368);
INSERT INTO `zz_sys_perm_code_perm` VALUES(1310045398961754112,1309112241387212808);
INSERT INTO `zz_sys_perm_code_perm` VALUES(1310052866517372928,1309112241353658377);
INSERT INTO `zz_sys_perm_code_perm` VALUES(1310045777287974912,1310043399490899991);
INSERT INTO `zz_sys_perm_code_perm` VALUES(1310049031359041536,1310043399490899968);
INSERT INTO `zz_sys_perm_code_perm` VALUES(1310045841410494464,1310043383829368854);
INSERT INTO `zz_sys_perm_code_perm` VALUES(1310047142177411072,1310043383829368832);
INSERT INTO `zz_sys_perm_code_perm` VALUES(1310047373258395648,1310043383829368835);
INSERT INTO `zz_sys_perm_code_perm` VALUES(1310048044510613504,1310043383829368838);
INSERT INTO `zz_sys_perm_code_perm` VALUES(1317441994565357568,1309112241387212800);
INSERT INTO `zz_sys_perm_code_perm` VALUES(1317441994565357568,1310043383829368845);
INSERT INTO `zz_sys_perm_code_perm` VALUES(1317441994565357568,1310043399490899980);
INSERT INTO `zz_sys_perm_code_perm` VALUES(1317446183299321856,1309112241353658387);
INSERT INTO `zz_sys_perm_code_perm` VALUES(1317446348261298176,1310043383829368842);
INSERT INTO `zz_sys_perm_code_perm` VALUES(1317446491194789888,1310043399490899977);
INSERT INTO `zz_sys_perm_code_perm` VALUES(1471382958056149068,1309065501309145088);
INSERT INTO `zz_sys_perm_code_perm` VALUES(1471382958056149068,1309065501309145093);
INSERT INTO `zz_sys_perm_code_perm` VALUES(1471382958056149069,1309065501263007744);
INSERT INTO `zz_sys_perm_code_perm` VALUES(1471382958056149069,1450780483045560320);
INSERT INTO `zz_sys_perm_code_perm` VALUES(1471382958056149069,1471382958047760476);
INSERT INTO `zz_sys_perm_code_perm` VALUES(1471382958056149069,1471382958047760464);
INSERT INTO `zz_sys_perm_code_perm` VALUES(1471382958056149070,1309065501309145098);
INSERT INTO `zz_sys_perm_code_perm` VALUES(1471382958056149070,1309065501263007756);
INSERT INTO `zz_sys_perm_code_perm` VALUES(1471382958056149070,1309065501309145100);
INSERT INTO `zz_sys_perm_code_perm` VALUES(1471382958056149070,1450780483045560320);
INSERT INTO `zz_sys_perm_code_perm` VALUES(1471382958056149070,1471382958047760476);
INSERT INTO `zz_sys_perm_code_perm` VALUES(1471382958056149070,1471382958047760464);
INSERT INTO `zz_sys_perm_code_perm` VALUES(1471382958056149071,1309065501263007769);
INSERT INTO `zz_sys_perm_code_perm` VALUES(1471382958056149072,1309065501321728000);
INSERT INTO `zz_sys_perm_code_perm` VALUES(1471382958056149073,1471382958047760421);
INSERT INTO `zz_sys_perm_code_perm` VALUES(1471382958056149073,1471382958047760420);
INSERT INTO `zz_sys_perm_code_perm` VALUES(1471382958056149073,1471382958047760419);
INSERT INTO `zz_sys_perm_code_perm` VALUES(1471382958060343299,1471382958047760464);
INSERT INTO `zz_sys_perm_code_perm` VALUES(1471382958060343301,1471382958047760461);
INSERT INTO `zz_sys_perm_code_perm` VALUES(1471382958060343301,1471382958047760486);
INSERT INTO `zz_sys_perm_code_perm` VALUES(1471382958060343302,1471382958047760465);
INSERT INTO `zz_sys_perm_code_perm` VALUES(1471382958060343302,1471382958047760462);
INSERT INTO `zz_sys_perm_code_perm` VALUES(1471382958060343302,1471382958047760486);
INSERT INTO `zz_sys_perm_code_perm` VALUES(1471382958060343304,1471382958047760471);
INSERT INTO `zz_sys_perm_code_perm` VALUES(1471382958060343304,1471382958047760470);
INSERT INTO `zz_sys_perm_code_perm` VALUES(1471382958060343303,1471382958047760463);
INSERT INTO `zz_sys_perm_code_perm` VALUES(1471382958060343300,1471382958047760468);
INSERT INTO `zz_sys_perm_code_perm` VALUES(1471382958060343305,1471382958047760466);
INSERT INTO `zz_sys_perm_code_perm` VALUES(1471382958060343305,1471382958047760469);
INSERT INTO `zz_sys_perm_code_perm` VALUES(1471382958060343306,1471382958047760467);
INSERT INTO `zz_sys_perm_code_perm` VALUES(1471382958060343314,1471382958047760486);
INSERT INTO `zz_sys_perm_code_perm` VALUES(1471382958060343315,1471382958047760483);
INSERT INTO `zz_sys_perm_code_perm` VALUES(1471382958060343315,1471382958047760494);
INSERT INTO `zz_sys_perm_code_perm` VALUES(1471382958060343316,1471382958047760487);
INSERT INTO `zz_sys_perm_code_perm` VALUES(1471382958060343316,1471382958047760485);
INSERT INTO `zz_sys_perm_code_perm` VALUES(1471382958060343316,1471382958047760494);
INSERT INTO `zz_sys_perm_code_perm` VALUES(1471382958060343317,1471382958047760484);
INSERT INTO `zz_sys_perm_code_perm` VALUES(1471382958060343318,1471382958047760488);
INSERT INTO `zz_sys_perm_code_perm` VALUES(1471382958060343318,1471382958047760489);
INSERT INTO `zz_sys_perm_code_perm` VALUES(1471382958060343326,1471382958047760494);
INSERT INTO `zz_sys_perm_code_perm` VALUES(1471382958060343327,1471382958047760491);
INSERT INTO `zz_sys_perm_code_perm` VALUES(1471382958060343327,1471382958047760503);
INSERT INTO `zz_sys_perm_code_perm` VALUES(1471382958060343328,1471382958047760495);
INSERT INTO `zz_sys_perm_code_perm` VALUES(1471382958060343328,1471382958047760492);
INSERT INTO `zz_sys_perm_code_perm` VALUES(1471382958060343328,1471382958047760503);
INSERT INTO `zz_sys_perm_code_perm` VALUES(1471382958060343329,1471382958047760493);
INSERT INTO `zz_sys_perm_code_perm` VALUES(1471382958060343330,1471382958047760496);
INSERT INTO `zz_sys_perm_code_perm` VALUES(1471382958060343330,1471382958047760497);
INSERT INTO `zz_sys_perm_code_perm` VALUES(1471382958060343341,1471382958047760502);
INSERT INTO `zz_sys_perm_code_perm` VALUES(1471382958060343341,1471382958047760503);
INSERT INTO `zz_sys_perm_code_perm` VALUES(1471382958060343341,1471382958047760508);
INSERT INTO `zz_sys_perm_code_perm` VALUES(1471382958060343342,1471382958047760499);
INSERT INTO `zz_sys_perm_code_perm` VALUES(1471382958060343343,1471382958047760500);
INSERT INTO `zz_sys_perm_code_perm` VALUES(1471382958060343344,1471382958047760501);
INSERT INTO `zz_sys_perm_code_perm` VALUES(1471382958060343345,1471382958047760505);
INSERT INTO `zz_sys_perm_code_perm` VALUES(1471382958060343346,1471382958047760509);
INSERT INTO `zz_sys_perm_code_perm` VALUES(1471382958060343346,1471382958047760506);
INSERT INTO `zz_sys_perm_code_perm` VALUES(1471382958060343347,1471382958047760507);
INSERT INTO `zz_sys_perm_code_perm` VALUES(1471382958060343348,1471382958047760510);
INSERT INTO `zz_sys_perm_code_perm` VALUES(1471382958060343348,1471382958047760511);
INSERT INTO `zz_sys_perm_code_perm` VALUES(1471382958060343348,1471382958047760512);
INSERT INTO `zz_sys_perm_code_perm` VALUES(1471382958060343356,1471382958047760515);
INSERT INTO `zz_sys_perm_code_perm` VALUES(1471382958060343356,1471382958047760516);
INSERT INTO `zz_sys_perm_code_perm` VALUES(1471382958060343356,1471382958047760517);
INSERT INTO `zz_sys_perm_code_perm` VALUES(1471382958060343356,1471382958047760518);
INSERT INTO `zz_sys_perm_code_perm` VALUES(1471382958060343356,1471382958047760520);
INSERT INTO `zz_sys_perm_code_perm` VALUES(1471382958060343356,1471382958047760521);
INSERT INTO `zz_sys_perm_code_perm` VALUES(1471382958060343356,1471382958047760522);
INSERT INTO `zz_sys_perm_code_perm` VALUES(1471382958060343356,1471382958047760523);
INSERT INTO `zz_sys_perm_code_perm` VALUES(1471382958060343398,1471382958047760527);
INSERT INTO `zz_sys_perm_code_perm` VALUES(1471382958060343399,1471382958047760528);
INSERT INTO `zz_sys_perm_code_perm` VALUES(1471382958060343403,1471382958047760525);
INSERT INTO `zz_sys_perm_code_perm` VALUES(1471382958060343415,1471382958047760476);
INSERT INTO `zz_sys_perm_code_perm` VALUES(1471382958060343417,1471382958047760473);
INSERT INTO `zz_sys_perm_code_perm` VALUES(1471382958060343418,1471382958047760477);
INSERT INTO `zz_sys_perm_code_perm` VALUES(1471382958060343418,1471382958047760474);
INSERT INTO `zz_sys_perm_code_perm` VALUES(1471382958060343419,1471382958047760475);
INSERT INTO `zz_sys_perm_code_perm` VALUES(1471382958060343416,1471382958047760480);
INSERT INTO `zz_sys_perm_code_perm` VALUES(1471382958060343420,1471382958047760478);
INSERT INTO `zz_sys_perm_code_perm` VALUES(1471382958060343420,1471382958047760481);
INSERT INTO `zz_sys_perm_code_perm` VALUES(1471382958060343421,1471382958047760479);
INSERT INTO `zz_sys_perm_code_perm` VALUES(1471382958060343428,1450780483045560320);
INSERT INTO `zz_sys_perm_code_perm` VALUES(1471382958060343428,1450780483045560323);
INSERT INTO `zz_sys_perm_code_perm` VALUES(1471382958060343429,1450780483024588800);
INSERT INTO `zz_sys_perm_code_perm` VALUES(1471382958060343430,1450780483045560326);
INSERT INTO `zz_sys_perm_code_perm` VALUES(1471382958060343430,1450780483024588809);
INSERT INTO `zz_sys_perm_code_perm` VALUES(1471382958060343430,1450780483045560328);
INSERT INTO `zz_sys_perm_code_perm` VALUES(1471382958060343431,1450780483024588819);
COMMIT;

-- ----------------------------
-- 全部白名单权限资源数据
-- ----------------------------
BEGIN;
INSERT INTO `zz_sys_perm_whitelist` VALUES ('/admin/upms/login/getLoginInfo','登录模块','获取登录信息');
INSERT INTO `zz_sys_perm_whitelist` VALUES ('/admin/upms/sysRole/listDict','系统管理','角色字典接口');
INSERT INTO `zz_sys_perm_whitelist` VALUES ('/admin/upms/sysRole/listDictByIds','系统管理','角色字典接口');
INSERT INTO `zz_sys_perm_whitelist` VALUES ('/admin/app/areaCode/listDict','行政区划','行政区划列表');
INSERT INTO `zz_sys_perm_whitelist` VALUES ('/admin/app/areaCode/listAll','行政区划','字典全部列表');
INSERT INTO `zz_sys_perm_whitelist` VALUES ('/admin/app/areaCode/listDictByIds','行政区划','行政区划批量Id列表');
INSERT INTO `zz_sys_perm_whitelist` VALUES ('/admin/app/areaCode/listDictByParentId','行政区划','行政区划过滤列表');
INSERT INTO `zz_sys_perm_whitelist` VALUES ('/admin/app/course/listDict','课程数据','课程字典列表');
INSERT INTO `zz_sys_perm_whitelist` VALUES ('/admin/app/course/listDictByIds','课程数据','课程字典批量Id列表');
INSERT INTO `zz_sys_perm_whitelist` VALUES ('/admin/app/grade/listDict','年级','字典列表');
INSERT INTO `zz_sys_perm_whitelist` VALUES ('/admin/app/grade/listAll','年级','字典全部列表');
INSERT INTO `zz_sys_perm_whitelist` VALUES ('/admin/app/grade/listDictByIds','年级','字典批量Id列表');
INSERT INTO `zz_sys_perm_whitelist` VALUES ('/admin/app/student/listDict','学生数据','学生字典列表');
INSERT INTO `zz_sys_perm_whitelist` VALUES ('/admin/app/student/listDictByIds','学生数据','学生字典批量Id列表');
INSERT INTO `zz_sys_perm_whitelist` VALUES ('/admin/upms/sysDept/listDict','部门管理','部门字典字典列表');
INSERT INTO `zz_sys_perm_whitelist` VALUES ('/admin/upms/sysDept/listDictByIds','部门管理','部门字典字典批量Id列表');
INSERT INTO `zz_sys_perm_whitelist` VALUES ('/admin/upms/sysDept/listDictByParentId','部门管理','部门字典下一级字典列表');
INSERT INTO `zz_sys_perm_whitelist` VALUES ('/admin/upms/login/doLogout','登录模块','退出登陆');
INSERT INTO `zz_sys_perm_whitelist` VALUES ('/admin/upms/login/changePassword','系统管理','修改密码');
INSERT INTO `zz_sys_perm_whitelist` VALUES ('/admin/upms/login/changeHeadImage','系统管理','修改头像');
INSERT INTO `zz_sys_perm_whitelist` VALUES ('/admin/upms/login/downloadHeadImage','系统管理','下载头像');
COMMIT;

SET FOREIGN_KEY_CHECKS = 1;
